ISO-10303-21;
HEADER;
/* Generated by software containing ST-Developer
 * from STEP Tools, Inc. (www.steptools.com) 
 */

FILE_DESCRIPTION(
/* description */ (''),
/* implementation_level */ '2;1');

FILE_NAME(
/* name */ 'Base.step',
/* time_stamp */ '2026-08-30T18:36:19+08:00',
/* author */ (''),
/* organization */ (''),
/* preprocessor_version */ 'ST-DEVELOPER v20.1',
/* originating_system */ 'Autodesk Translation Framework v15.8.0.0',
/* authorisation */ '');

FILE_SCHEMA (('AUTOMOTIVE_DESIGN { 1 0 10303 214 3 1 1 }'));
ENDSEC;

DATA;
#10=MECHANICAL_DESIGN_GEOMETRIC_PRESENTATION_REPRESENTATION('',(#13),#4079);
#11=SHAPE_REPRESENTATION_RELATIONSHIP('SRR','None',#4086,#12);
#12=ADVANCED_BREP_SHAPE_REPRESENTATION('',(#14),#4078);
#13=STYLED_ITEM('',(#4095),#14);
#14=MANIFOLD_SOLID_BREP('Body1',#2415);
#15=CONICAL_SURFACE('',#2595,5.5,0.785398163397448);
#16=CONICAL_SURFACE('',#2597,5.5,0.785398163397448);
#17=CONICAL_SURFACE('',#2600,5.49999999999999,0.785398163397448);
#18=CONICAL_SURFACE('',#2603,5.49999999999998,0.78539816339745);
#19=CYLINDRICAL_SURFACE('',#2434,1.55);
#20=CYLINDRICAL_SURFACE('',#2443,2.4);
#21=CYLINDRICAL_SURFACE('',#2448,2.4);
#22=CYLINDRICAL_SURFACE('',#2450,2.4);
#23=CYLINDRICAL_SURFACE('',#2454,2.4);
#24=CYLINDRICAL_SURFACE('',#2457,2.4);
#25=CYLINDRICAL_SURFACE('',#2468,2.4);
#26=CYLINDRICAL_SURFACE('',#2472,2.4);
#27=CYLINDRICAL_SURFACE('',#2476,2.4);
#28=CYLINDRICAL_SURFACE('',#2479,2.4);
#29=CYLINDRICAL_SURFACE('',#2483,2.4);
#30=CYLINDRICAL_SURFACE('',#2487,2.4);
#31=CYLINDRICAL_SURFACE('',#2491,2.4);
#32=CYLINDRICAL_SURFACE('',#2495,2.4);
#33=CYLINDRICAL_SURFACE('',#2499,2.4);
#34=CYLINDRICAL_SURFACE('',#2503,2.4);
#35=CYLINDRICAL_SURFACE('',#2512,2.4);
#36=CYLINDRICAL_SURFACE('',#2516,2.4);
#37=CYLINDRICAL_SURFACE('',#2520,2.4);
#38=CYLINDRICAL_SURFACE('',#2523,1.6);
#39=CYLINDRICAL_SURFACE('',#2525,5.);
#40=CYLINDRICAL_SURFACE('',#2527,1.6);
#41=CYLINDRICAL_SURFACE('',#2529,1.6);
#42=CYLINDRICAL_SURFACE('',#2531,5.);
#43=CYLINDRICAL_SURFACE('',#2533,1.6);
#44=CYLINDRICAL_SURFACE('',#2536,1.6);
#45=CYLINDRICAL_SURFACE('',#2544,5.);
#46=CYLINDRICAL_SURFACE('',#2546,1.6);
#47=CYLINDRICAL_SURFACE('',#2549,1.6);
#48=CYLINDRICAL_SURFACE('',#2551,1.6);
#49=CYLINDRICAL_SURFACE('',#2554,1.6);
#50=CYLINDRICAL_SURFACE('',#2556,1.6);
#51=CYLINDRICAL_SURFACE('',#2587,2.35);
#52=CYLINDRICAL_SURFACE('',#2590,2.35);
#53=CYLINDRICAL_SURFACE('',#2607,6.);
#54=CYLINDRICAL_SURFACE('',#2610,6.);
#55=CYLINDRICAL_SURFACE('',#2612,1.55);
#56=CYLINDRICAL_SURFACE('',#2636,1.7);
#57=CYLINDRICAL_SURFACE('',#2637,1.7);
#58=CYLINDRICAL_SURFACE('',#2638,1.7);
#59=CYLINDRICAL_SURFACE('',#2639,1.7);
#60=CYLINDRICAL_SURFACE('',#2641,4.00000005960465);
#61=CYLINDRICAL_SURFACE('',#2643,4.00000005960464);
#62=CYLINDRICAL_SURFACE('',#2645,4.29999999999998);
#63=CYLINDRICAL_SURFACE('',#2647,4.29999999999999);
#64=CYLINDRICAL_SURFACE('',#2650,4.3);
#65=CYLINDRICAL_SURFACE('',#2652,4.3);
#66=CYLINDRICAL_SURFACE('',#2654,5.99999999999999);
#67=CYLINDRICAL_SURFACE('',#2657,5.99999999999998);
#68=FACE_BOUND('',#314,.T.);
#69=FACE_BOUND('',#320,.T.);
#70=FACE_BOUND('',#392,.T.);
#71=FACE_BOUND('',#394,.T.);
#72=FACE_BOUND('',#426,.T.);
#73=FACE_BOUND('',#428,.T.);
#74=FACE_BOUND('',#429,.T.);
#75=FACE_BOUND('',#430,.T.);
#76=FACE_BOUND('',#431,.T.);
#77=FACE_BOUND('',#432,.T.);
#78=FACE_BOUND('',#451,.T.);
#79=FACE_BOUND('',#453,.T.);
#80=CIRCLE('',#2431,1.55);
#81=CIRCLE('',#2432,1.55);
#82=CIRCLE('',#2435,1.55);
#83=CIRCLE('',#2439,4.00000005960465);
#84=CIRCLE('',#2440,2.4);
#85=CIRCLE('',#2441,4.3);
#86=CIRCLE('',#2442,1.7);
#87=CIRCLE('',#2444,2.4);
#88=CIRCLE('',#2445,2.4);
#89=CIRCLE('',#2447,2.4);
#90=CIRCLE('',#2449,2.4);
#91=CIRCLE('',#2451,2.4);
#92=CIRCLE('',#2452,2.4);
#93=CIRCLE('',#2455,2.4);
#94=CIRCLE('',#2458,2.4);
#95=CIRCLE('',#2459,2.4);
#96=CIRCLE('',#2461,1.6);
#97=CIRCLE('',#2462,1.6);
#98=CIRCLE('',#2463,5.);
#99=CIRCLE('',#2464,1.6);
#100=CIRCLE('',#2465,1.6);
#101=CIRCLE('',#2466,2.4);
#102=CIRCLE('',#2469,2.4);
#103=CIRCLE('',#2470,2.4);
#104=CIRCLE('',#2473,2.4);
#105=CIRCLE('',#2474,2.4);
#106=CIRCLE('',#2477,2.4);
#107=CIRCLE('',#2480,2.4);
#108=CIRCLE('',#2481,2.4);
#109=CIRCLE('',#2484,2.4);
#110=CIRCLE('',#2485,2.4);
#111=CIRCLE('',#2488,2.4);
#112=CIRCLE('',#2489,2.4);
#113=CIRCLE('',#2492,2.4);
#114=CIRCLE('',#2493,2.4);
#115=CIRCLE('',#2496,2.4);
#116=CIRCLE('',#2497,2.4);
#117=CIRCLE('',#2500,2.4);
#118=CIRCLE('',#2501,2.4);
#119=CIRCLE('',#2504,2.4);
#120=CIRCLE('',#2505,2.4);
#121=CIRCLE('',#2507,4.00000005960464);
#122=CIRCLE('',#2508,1.6);
#123=CIRCLE('',#2509,5.);
#124=CIRCLE('',#2510,1.6);
#125=CIRCLE('',#2511,4.00000005960465);
#126=CIRCLE('',#2513,2.4);
#127=CIRCLE('',#2514,2.4);
#128=CIRCLE('',#2517,2.4);
#129=CIRCLE('',#2518,2.4);
#130=CIRCLE('',#2521,2.4);
#131=CIRCLE('',#2522,2.4);
#132=CIRCLE('',#2524,1.6);
#133=CIRCLE('',#2526,5.);
#134=CIRCLE('',#2528,1.6);
#135=CIRCLE('',#2530,1.6);
#136=CIRCLE('',#2532,5.);
#137=CIRCLE('',#2534,1.6);
#138=CIRCLE('',#2537,1.6);
#139=CIRCLE('',#2538,1.6);
#140=CIRCLE('',#2540,1.6);
#141=CIRCLE('',#2541,5.);
#142=CIRCLE('',#2542,1.6);
#143=CIRCLE('',#2543,1.6);
#144=CIRCLE('',#2545,5.);
#145=CIRCLE('',#2547,1.6);
#146=CIRCLE('',#2550,1.6);
#147=CIRCLE('',#2552,1.6);
#148=CIRCLE('',#2555,1.6);
#149=CIRCLE('',#2557,1.6);
#150=CIRCLE('',#2576,4.99999999999998);
#151=CIRCLE('',#2577,5.);
#152=CIRCLE('',#2579,2.35);
#153=CIRCLE('',#2581,2.35);
#154=CIRCLE('',#2585,5.);
#155=CIRCLE('',#2586,4.99999999999999);
#156=CIRCLE('',#2588,2.35);
#157=CIRCLE('',#2591,2.35);
#158=CIRCLE('',#2596,6.);
#159=CIRCLE('',#2598,6.);
#160=CIRCLE('',#2601,5.99999999999999);
#161=CIRCLE('',#2604,5.99999999999998);
#162=CIRCLE('',#2608,6.);
#163=CIRCLE('',#2611,6.);
#164=CIRCLE('',#2613,1.55);
#165=CIRCLE('',#2620,1.7);
#166=CIRCLE('',#2622,1.7);
#167=CIRCLE('',#2624,1.7);
#168=CIRCLE('',#2626,1.7);
#169=CIRCLE('',#2628,4.29999999999998);
#170=CIRCLE('',#2629,4.00000005960464);
#171=CIRCLE('',#2630,1.7);
#172=CIRCLE('',#2632,4.3);
#173=CIRCLE('',#2633,4.29999999999999);
#174=CIRCLE('',#2634,1.7);
#175=CIRCLE('',#2635,1.7);
#176=CIRCLE('',#2646,4.29999999999998);
#177=CIRCLE('',#2648,4.29999999999999);
#178=CIRCLE('',#2651,4.3);
#179=CIRCLE('',#2653,4.3);
#180=CIRCLE('',#2655,5.99999999999999);
#181=CIRCLE('',#2658,5.99999999999998);
#182=FACE_OUTER_BOUND('',#312,.T.);
#183=FACE_OUTER_BOUND('',#313,.T.);
#184=FACE_OUTER_BOUND('',#315,.T.);
#185=FACE_OUTER_BOUND('',#316,.T.);
#186=FACE_OUTER_BOUND('',#317,.T.);
#187=FACE_OUTER_BOUND('',#318,.T.);
#188=FACE_OUTER_BOUND('',#319,.T.);
#189=FACE_OUTER_BOUND('',#321,.T.);
#190=FACE_OUTER_BOUND('',#322,.T.);
#191=FACE_OUTER_BOUND('',#323,.T.);
#192=FACE_OUTER_BOUND('',#324,.T.);
#193=FACE_OUTER_BOUND('',#325,.T.);
#194=FACE_OUTER_BOUND('',#326,.T.);
#195=FACE_OUTER_BOUND('',#327,.T.);
#196=FACE_OUTER_BOUND('',#328,.T.);
#197=FACE_OUTER_BOUND('',#329,.T.);
#198=FACE_OUTER_BOUND('',#330,.T.);
#199=FACE_OUTER_BOUND('',#331,.T.);
#200=FACE_OUTER_BOUND('',#332,.T.);
#201=FACE_OUTER_BOUND('',#333,.T.);
#202=FACE_OUTER_BOUND('',#334,.T.);
#203=FACE_OUTER_BOUND('',#335,.T.);
#204=FACE_OUTER_BOUND('',#336,.T.);
#205=FACE_OUTER_BOUND('',#337,.T.);
#206=FACE_OUTER_BOUND('',#338,.T.);
#207=FACE_OUTER_BOUND('',#339,.T.);
#208=FACE_OUTER_BOUND('',#340,.T.);
#209=FACE_OUTER_BOUND('',#341,.T.);
#210=FACE_OUTER_BOUND('',#342,.T.);
#211=FACE_OUTER_BOUND('',#343,.T.);
#212=FACE_OUTER_BOUND('',#344,.T.);
#213=FACE_OUTER_BOUND('',#345,.T.);
#214=FACE_OUTER_BOUND('',#346,.T.);
#215=FACE_OUTER_BOUND('',#347,.T.);
#216=FACE_OUTER_BOUND('',#348,.T.);
#217=FACE_OUTER_BOUND('',#349,.T.);
#218=FACE_OUTER_BOUND('',#350,.T.);
#219=FACE_OUTER_BOUND('',#351,.T.);
#220=FACE_OUTER_BOUND('',#352,.T.);
#221=FACE_OUTER_BOUND('',#353,.T.);
#222=FACE_OUTER_BOUND('',#354,.T.);
#223=FACE_OUTER_BOUND('',#355,.T.);
#224=FACE_OUTER_BOUND('',#356,.T.);
#225=FACE_OUTER_BOUND('',#357,.T.);
#226=FACE_OUTER_BOUND('',#358,.T.);
#227=FACE_OUTER_BOUND('',#359,.T.);
#228=FACE_OUTER_BOUND('',#360,.T.);
#229=FACE_OUTER_BOUND('',#361,.T.);
#230=FACE_OUTER_BOUND('',#362,.T.);
#231=FACE_OUTER_BOUND('',#363,.T.);
#232=FACE_OUTER_BOUND('',#364,.T.);
#233=FACE_OUTER_BOUND('',#365,.T.);
#234=FACE_OUTER_BOUND('',#366,.T.);
#235=FACE_OUTER_BOUND('',#367,.T.);
#236=FACE_OUTER_BOUND('',#368,.T.);
#237=FACE_OUTER_BOUND('',#369,.T.);
#238=FACE_OUTER_BOUND('',#370,.T.);
#239=FACE_OUTER_BOUND('',#371,.T.);
#240=FACE_OUTER_BOUND('',#372,.T.);
#241=FACE_OUTER_BOUND('',#373,.T.);
#242=FACE_OUTER_BOUND('',#374,.T.);
#243=FACE_OUTER_BOUND('',#375,.T.);
#244=FACE_OUTER_BOUND('',#376,.T.);
#245=FACE_OUTER_BOUND('',#377,.T.);
#246=FACE_OUTER_BOUND('',#378,.T.);
#247=FACE_OUTER_BOUND('',#379,.T.);
#248=FACE_OUTER_BOUND('',#380,.T.);
#249=FACE_OUTER_BOUND('',#381,.T.);
#250=FACE_OUTER_BOUND('',#382,.T.);
#251=FACE_OUTER_BOUND('',#383,.T.);
#252=FACE_OUTER_BOUND('',#384,.T.);
#253=FACE_OUTER_BOUND('',#385,.T.);
#254=FACE_OUTER_BOUND('',#386,.T.);
#255=FACE_OUTER_BOUND('',#387,.T.);
#256=FACE_OUTER_BOUND('',#388,.T.);
#257=FACE_OUTER_BOUND('',#389,.T.);
#258=FACE_OUTER_BOUND('',#390,.T.);
#259=FACE_OUTER_BOUND('',#391,.T.);
#260=FACE_OUTER_BOUND('',#393,.T.);
#261=FACE_OUTER_BOUND('',#395,.T.);
#262=FACE_OUTER_BOUND('',#396,.T.);
#263=FACE_OUTER_BOUND('',#397,.T.);
#264=FACE_OUTER_BOUND('',#398,.T.);
#265=FACE_OUTER_BOUND('',#399,.T.);
#266=FACE_OUTER_BOUND('',#400,.T.);
#267=FACE_OUTER_BOUND('',#401,.T.);
#268=FACE_OUTER_BOUND('',#402,.T.);
#269=FACE_OUTER_BOUND('',#403,.T.);
#270=FACE_OUTER_BOUND('',#404,.T.);
#271=FACE_OUTER_BOUND('',#405,.T.);
#272=FACE_OUTER_BOUND('',#406,.T.);
#273=FACE_OUTER_BOUND('',#407,.T.);
#274=FACE_OUTER_BOUND('',#408,.T.);
#275=FACE_OUTER_BOUND('',#409,.T.);
#276=FACE_OUTER_BOUND('',#410,.T.);
#277=FACE_OUTER_BOUND('',#411,.T.);
#278=FACE_OUTER_BOUND('',#412,.T.);
#279=FACE_OUTER_BOUND('',#413,.T.);
#280=FACE_OUTER_BOUND('',#414,.T.);
#281=FACE_OUTER_BOUND('',#415,.T.);
#282=FACE_OUTER_BOUND('',#416,.T.);
#283=FACE_OUTER_BOUND('',#417,.T.);
#284=FACE_OUTER_BOUND('',#418,.T.);
#285=FACE_OUTER_BOUND('',#419,.T.);
#286=FACE_OUTER_BOUND('',#420,.T.);
#287=FACE_OUTER_BOUND('',#421,.T.);
#288=FACE_OUTER_BOUND('',#422,.T.);
#289=FACE_OUTER_BOUND('',#423,.T.);
#290=FACE_OUTER_BOUND('',#424,.T.);
#291=FACE_OUTER_BOUND('',#425,.T.);
#292=FACE_OUTER_BOUND('',#427,.T.);
#293=FACE_OUTER_BOUND('',#433,.T.);
#294=FACE_OUTER_BOUND('',#434,.T.);
#295=FACE_OUTER_BOUND('',#435,.T.);
#296=FACE_OUTER_BOUND('',#436,.T.);
#297=FACE_OUTER_BOUND('',#437,.T.);
#298=FACE_OUTER_BOUND('',#438,.T.);
#299=FACE_OUTER_BOUND('',#439,.T.);
#300=FACE_OUTER_BOUND('',#440,.T.);
#301=FACE_OUTER_BOUND('',#441,.T.);
#302=FACE_OUTER_BOUND('',#442,.T.);
#303=FACE_OUTER_BOUND('',#443,.T.);
#304=FACE_OUTER_BOUND('',#444,.T.);
#305=FACE_OUTER_BOUND('',#445,.T.);
#306=FACE_OUTER_BOUND('',#446,.T.);
#307=FACE_OUTER_BOUND('',#447,.T.);
#308=FACE_OUTER_BOUND('',#448,.T.);
#309=FACE_OUTER_BOUND('',#449,.T.);
#310=FACE_OUTER_BOUND('',#450,.T.);
#311=FACE_OUTER_BOUND('',#452,.T.);
#312=EDGE_LOOP('',(#1516,#1517,#1518,#1519));
#313=EDGE_LOOP('',(#1520,#1521,#1522,#1523));
#314=EDGE_LOOP('',(#1524,#1525,#1526,#1527));
#315=EDGE_LOOP('',(#1528,#1529,#1530,#1531));
#316=EDGE_LOOP('',(#1532,#1533,#1534,#1535));
#317=EDGE_LOOP('',(#1536,#1537,#1538,#1539));
#318=EDGE_LOOP('',(#1540,#1541,#1542,#1543,#1544,#1545,#1546,#1547));
#319=EDGE_LOOP('',(#1548,#1549,#1550,#1551,#1552,#1553,#1554));
#320=EDGE_LOOP('',(#1555));
#321=EDGE_LOOP('',(#1556,#1557,#1558,#1559));
#322=EDGE_LOOP('',(#1560,#1561,#1562,#1563,#1564,#1565));
#323=EDGE_LOOP('',(#1566,#1567,#1568,#1569));
#324=EDGE_LOOP('',(#1570,#1571,#1572,#1573));
#325=EDGE_LOOP('',(#1574,#1575,#1576,#1577));
#326=EDGE_LOOP('',(#1578,#1579,#1580,#1581));
#327=EDGE_LOOP('',(#1582,#1583,#1584,#1585,#1586,#1587,#1588,#1589));
#328=EDGE_LOOP('',(#1590,#1591,#1592,#1593));
#329=EDGE_LOOP('',(#1594,#1595,#1596,#1597,#1598,#1599,#1600,#1601,#1602,
#1603,#1604,#1605));
#330=EDGE_LOOP('',(#1606,#1607,#1608,#1609,#1610,#1611,#1612,#1613));
#331=EDGE_LOOP('',(#1614,#1615,#1616,#1617));
#332=EDGE_LOOP('',(#1618,#1619,#1620,#1621));
#333=EDGE_LOOP('',(#1622,#1623,#1624,#1625));
#334=EDGE_LOOP('',(#1626,#1627,#1628,#1629));
#335=EDGE_LOOP('',(#1630,#1631,#1632,#1633));
#336=EDGE_LOOP('',(#1634,#1635,#1636,#1637,#1638,#1639,#1640,#1641));
#337=EDGE_LOOP('',(#1642,#1643,#1644,#1645));
#338=EDGE_LOOP('',(#1646,#1647,#1648,#1649));
#339=EDGE_LOOP('',(#1650,#1651,#1652,#1653));
#340=EDGE_LOOP('',(#1654,#1655,#1656,#1657));
#341=EDGE_LOOP('',(#1658,#1659,#1660,#1661));
#342=EDGE_LOOP('',(#1662,#1663,#1664,#1665,#1666,#1667,#1668,#1669));
#343=EDGE_LOOP('',(#1670,#1671,#1672,#1673));
#344=EDGE_LOOP('',(#1674,#1675,#1676,#1677));
#345=EDGE_LOOP('',(#1678,#1679,#1680,#1681));
#346=EDGE_LOOP('',(#1682,#1683,#1684,#1685));
#347=EDGE_LOOP('',(#1686,#1687,#1688,#1689));
#348=EDGE_LOOP('',(#1690,#1691,#1692,#1693));
#349=EDGE_LOOP('',(#1694,#1695,#1696,#1697));
#350=EDGE_LOOP('',(#1698,#1699,#1700,#1701,#1702,#1703,#1704,#1705,#1706,
#1707,#1708,#1709,#1710,#1711,#1712,#1713,#1714,#1715,#1716,#1717));
#351=EDGE_LOOP('',(#1718,#1719,#1720,#1721));
#352=EDGE_LOOP('',(#1722,#1723,#1724,#1725,#1726,#1727,#1728,#1729));
#353=EDGE_LOOP('',(#1730,#1731,#1732,#1733));
#354=EDGE_LOOP('',(#1734,#1735,#1736,#1737,#1738,#1739,#1740,#1741));
#355=EDGE_LOOP('',(#1742,#1743,#1744,#1745));
#356=EDGE_LOOP('',(#1746,#1747,#1748,#1749));
#357=EDGE_LOOP('',(#1750,#1751,#1752,#1753));
#358=EDGE_LOOP('',(#1754,#1755,#1756,#1757));
#359=EDGE_LOOP('',(#1758,#1759,#1760,#1761));
#360=EDGE_LOOP('',(#1762,#1763,#1764,#1765));
#361=EDGE_LOOP('',(#1766,#1767,#1768,#1769));
#362=EDGE_LOOP('',(#1770,#1771,#1772,#1773));
#363=EDGE_LOOP('',(#1774,#1775,#1776,#1777));
#364=EDGE_LOOP('',(#1778,#1779,#1780,#1781,#1782,#1783,#1784,#1785,#1786,
#1787,#1788,#1789));
#365=EDGE_LOOP('',(#1790,#1791,#1792,#1793));
#366=EDGE_LOOP('',(#1794,#1795,#1796,#1797));
#367=EDGE_LOOP('',(#1798,#1799,#1800,#1801));
#368=EDGE_LOOP('',(#1802,#1803,#1804,#1805));
#369=EDGE_LOOP('',(#1806,#1807,#1808,#1809));
#370=EDGE_LOOP('',(#1810,#1811,#1812,#1813));
#371=EDGE_LOOP('',(#1814,#1815,#1816,#1817));
#372=EDGE_LOOP('',(#1818,#1819,#1820,#1821));
#373=EDGE_LOOP('',(#1822,#1823,#1824,#1825));
#374=EDGE_LOOP('',(#1826,#1827,#1828,#1829));
#375=EDGE_LOOP('',(#1830,#1831,#1832,#1833));
#376=EDGE_LOOP('',(#1834,#1835,#1836,#1837,#1838,#1839,#1840,#1841,#1842,
#1843,#1844,#1845,#1846,#1847,#1848,#1849,#1850,#1851,#1852,#1853,#1854,
#1855,#1856,#1857));
#377=EDGE_LOOP('',(#1858,#1859,#1860,#1861));
#378=EDGE_LOOP('',(#1862,#1863,#1864,#1865));
#379=EDGE_LOOP('',(#1866,#1867,#1868,#1869));
#380=EDGE_LOOP('',(#1870,#1871,#1872,#1873));
#381=EDGE_LOOP('',(#1874,#1875,#1876,#1877));
#382=EDGE_LOOP('',(#1878,#1879,#1880,#1881));
#383=EDGE_LOOP('',(#1882,#1883,#1884,#1885));
#384=EDGE_LOOP('',(#1886,#1887,#1888,#1889));
#385=EDGE_LOOP('',(#1890,#1891,#1892,#1893));
#386=EDGE_LOOP('',(#1894,#1895,#1896,#1897));
#387=EDGE_LOOP('',(#1898,#1899,#1900,#1901));
#388=EDGE_LOOP('',(#1902,#1903,#1904,#1905));
#389=EDGE_LOOP('',(#1906,#1907,#1908,#1909));
#390=EDGE_LOOP('',(#1910,#1911,#1912,#1913,#1914,#1915));
#391=EDGE_LOOP('',(#1916,#1917,#1918,#1919));
#392=EDGE_LOOP('',(#1920));
#393=EDGE_LOOP('',(#1921,#1922,#1923,#1924));
#394=EDGE_LOOP('',(#1925));
#395=EDGE_LOOP('',(#1926,#1927,#1928,#1929));
#396=EDGE_LOOP('',(#1930,#1931,#1932,#1933));
#397=EDGE_LOOP('',(#1934,#1935,#1936,#1937,#1938,#1939));
#398=EDGE_LOOP('',(#1940,#1941,#1942,#1943));
#399=EDGE_LOOP('',(#1944));
#400=EDGE_LOOP('',(#1945,#1946,#1947,#1948));
#401=EDGE_LOOP('',(#1949));
#402=EDGE_LOOP('',(#1950,#1951,#1952,#1953));
#403=EDGE_LOOP('',(#1954,#1955,#1956,#1957,#1958,#1959,#1960,#1961,#1962,
#1963,#1964,#1965,#1966,#1967,#1968,#1969));
#404=EDGE_LOOP('',(#1970,#1971,#1972,#1973));
#405=EDGE_LOOP('',(#1974,#1975,#1976,#1977));
#406=EDGE_LOOP('',(#1978,#1979,#1980,#1981));
#407=EDGE_LOOP('',(#1982,#1983,#1984,#1985));
#408=EDGE_LOOP('',(#1986,#1987,#1988,#1989,#1990,#1991,#1992,#1993,#1994,
#1995,#1996,#1997,#1998,#1999,#2000,#2001,#2002,#2003,#2004,#2005,#2006,
#2007,#2008,#2009));
#409=EDGE_LOOP('',(#2010,#2011,#2012,#2013));
#410=EDGE_LOOP('',(#2014,#2015,#2016,#2017));
#411=EDGE_LOOP('',(#2018,#2019,#2020,#2021));
#412=EDGE_LOOP('',(#2022,#2023,#2024,#2025));
#413=EDGE_LOOP('',(#2026,#2027,#2028,#2029));
#414=EDGE_LOOP('',(#2030,#2031,#2032,#2033));
#415=EDGE_LOOP('',(#2034,#2035,#2036,#2037));
#416=EDGE_LOOP('',(#2038,#2039,#2040,#2041));
#417=EDGE_LOOP('',(#2042,#2043,#2044,#2045));
#418=EDGE_LOOP('',(#2046,#2047,#2048,#2049));
#419=EDGE_LOOP('',(#2050,#2051,#2052,#2053));
#420=EDGE_LOOP('',(#2054,#2055,#2056,#2057,#2058,#2059,#2060,#2061));
#421=EDGE_LOOP('',(#2062));
#422=EDGE_LOOP('',(#2063));
#423=EDGE_LOOP('',(#2064));
#424=EDGE_LOOP('',(#2065));
#425=EDGE_LOOP('',(#2066,#2067,#2068,#2069,#2070,#2071,#2072));
#426=EDGE_LOOP('',(#2073));
#427=EDGE_LOOP('',(#2074,#2075,#2076,#2077,#2078,#2079,#2080,#2081));
#428=EDGE_LOOP('',(#2082));
#429=EDGE_LOOP('',(#2083,#2084,#2085,#2086,#2087,#2088,#2089,#2090));
#430=EDGE_LOOP('',(#2091,#2092,#2093,#2094,#2095,#2096,#2097,#2098));
#431=EDGE_LOOP('',(#2099,#2100,#2101,#2102,#2103,#2104,#2105,#2106));
#432=EDGE_LOOP('',(#2107));
#433=EDGE_LOOP('',(#2108,#2109,#2110,#2111));
#434=EDGE_LOOP('',(#2112,#2113,#2114,#2115));
#435=EDGE_LOOP('',(#2116,#2117,#2118,#2119));
#436=EDGE_LOOP('',(#2120,#2121,#2122,#2123));
#437=EDGE_LOOP('',(#2124,#2125,#2126,#2127,#2128,#2129,#2130,#2131));
#438=EDGE_LOOP('',(#2132,#2133,#2134,#2135));
#439=EDGE_LOOP('',(#2136,#2137,#2138,#2139));
#440=EDGE_LOOP('',(#2140,#2141,#2142,#2143));
#441=EDGE_LOOP('',(#2144,#2145,#2146,#2147,#2148,#2149,#2150,#2151));
#442=EDGE_LOOP('',(#2152,#2153,#2154,#2155));
#443=EDGE_LOOP('',(#2156,#2157,#2158,#2159));
#444=EDGE_LOOP('',(#2160,#2161,#2162,#2163));
#445=EDGE_LOOP('',(#2164,#2165,#2166,#2167));
#446=EDGE_LOOP('',(#2168,#2169,#2170,#2171));
#447=EDGE_LOOP('',(#2172,#2173,#2174,#2175));
#448=EDGE_LOOP('',(#2176,#2177,#2178,#2179));
#449=EDGE_LOOP('',(#2180,#2181,#2182,#2183));
#450=EDGE_LOOP('',(#2184,#2185,#2186,#2187));
#451=EDGE_LOOP('',(#2188,#2189,#2190,#2191));
#452=EDGE_LOOP('',(#2192,#2193,#2194,#2195,#2196,#2197,#2198,#2199));
#453=EDGE_LOOP('',(#2200,#2201,#2202,#2203,#2204,#2205,#2206,#2207));
#454=LINE('',#3375,#698);
#455=LINE('',#3377,#699);
#456=LINE('',#3379,#700);
#457=LINE('',#3380,#701);
#458=LINE('',#3384,#702);
#459=LINE('',#3385,#703);
#460=LINE('',#3386,#704);
#461=LINE('',#3389,#705);
#462=LINE('',#3393,#706);
#463=LINE('',#3397,#707);
#464=LINE('',#3399,#708);
#465=LINE('',#3400,#709);
#466=LINE('',#3403,#710);
#467=LINE('',#3408,#711);
#468=LINE('',#3410,#712);
#469=LINE('',#3412,#713);
#470=LINE('',#3413,#714);
#471=LINE('',#3416,#715);
#472=LINE('',#3418,#716);
#473=LINE('',#3420,#717);
#474=LINE('',#3422,#718);
#475=LINE('',#3424,#719);
#476=LINE('',#3426,#720);
#477=LINE('',#3427,#721);
#478=LINE('',#3430,#722);
#479=LINE('',#3434,#723);
#480=LINE('',#3438,#724);
#481=LINE('',#3447,#725);
#482=LINE('',#3450,#726);
#483=LINE('',#3452,#727);
#484=LINE('',#3455,#728);
#485=LINE('',#3462,#729);
#486=LINE('',#3465,#730);
#487=LINE('',#3468,#731);
#488=LINE('',#3470,#732);
#489=LINE('',#3471,#733);
#490=LINE('',#3476,#734);
#491=LINE('',#3477,#735);
#492=LINE('',#3480,#736);
#493=LINE('',#3482,#737);
#494=LINE('',#3484,#738);
#495=LINE('',#3486,#739);
#496=LINE('',#3488,#740);
#497=LINE('',#3489,#741);
#498=LINE('',#3495,#742);
#499=LINE('',#3498,#743);
#500=LINE('',#3501,#744);
#501=LINE('',#3505,#745);
#502=LINE('',#3513,#746);
#503=LINE('',#3517,#747);
#504=LINE('',#3520,#748);
#505=LINE('',#3523,#749);
#506=LINE('',#3525,#750);
#507=LINE('',#3527,#751);
#508=LINE('',#3529,#752);
#509=LINE('',#3531,#753);
#510=LINE('',#3532,#754);
#511=LINE('',#3538,#755);
#512=LINE('',#3541,#756);
#513=LINE('',#3544,#757);
#514=LINE('',#3546,#758);
#515=LINE('',#3547,#759);
#516=LINE('',#3553,#760);
#517=LINE('',#3556,#761);
#518=LINE('',#3559,#762);
#519=LINE('',#3561,#763);
#520=LINE('',#3562,#764);
#521=LINE('',#3565,#765);
#522=LINE('',#3568,#766);
#523=LINE('',#3571,#767);
#524=LINE('',#3573,#768);
#525=LINE('',#3575,#769);
#526=LINE('',#3577,#770);
#527=LINE('',#3579,#771);
#528=LINE('',#3580,#772);
#529=LINE('',#3585,#773);
#530=LINE('',#3589,#774);
#531=LINE('',#3591,#775);
#532=LINE('',#3592,#776);
#533=LINE('',#3597,#777);
#534=LINE('',#3601,#778);
#535=LINE('',#3603,#779);
#536=LINE('',#3604,#780);
#537=LINE('',#3609,#781);
#538=LINE('',#3613,#782);
#539=LINE('',#3615,#783);
#540=LINE('',#3617,#784);
#541=LINE('',#3619,#785);
#542=LINE('',#3621,#786);
#543=LINE('',#3623,#787);
#544=LINE('',#3624,#788);
#545=LINE('',#3629,#789);
#546=LINE('',#3633,#790);
#547=LINE('',#3635,#791);
#548=LINE('',#3636,#792);
#549=LINE('',#3641,#793);
#550=LINE('',#3645,#794);
#551=LINE('',#3647,#795);
#552=LINE('',#3648,#796);
#553=LINE('',#3653,#797);
#554=LINE('',#3657,#798);
#555=LINE('',#3659,#799);
#556=LINE('',#3660,#800);
#557=LINE('',#3665,#801);
#558=LINE('',#3669,#802);
#559=LINE('',#3671,#803);
#560=LINE('',#3678,#804);
#561=LINE('',#3681,#805);
#562=LINE('',#3686,#806);
#563=LINE('',#3689,#807);
#564=LINE('',#3694,#808);
#565=LINE('',#3697,#809);
#566=LINE('',#3704,#810);
#567=LINE('',#3708,#811);
#568=LINE('',#3713,#812);
#569=LINE('',#3716,#813);
#570=LINE('',#3719,#814);
#571=LINE('',#3724,#815);
#572=LINE('',#3727,#816);
#573=LINE('',#3728,#817);
#574=LINE('',#3734,#818);
#575=LINE('',#3737,#819);
#576=LINE('',#3741,#820);
#577=LINE('',#3747,#821);
#578=LINE('',#3752,#822);
#579=LINE('',#3755,#823);
#580=LINE('',#3759,#824);
#581=LINE('',#3760,#825);
#582=LINE('',#3766,#826);
#583=LINE('',#3768,#827);
#584=LINE('',#3773,#828);
#585=LINE('',#3776,#829);
#586=LINE('',#3780,#830);
#587=LINE('',#3782,#831);
#588=LINE('',#3784,#832);
#589=LINE('',#3785,#833);
#590=LINE('',#3789,#834);
#591=LINE('',#3791,#835);
#592=LINE('',#3793,#836);
#593=LINE('',#3794,#837);
#594=LINE('',#3797,#838);
#595=LINE('',#3799,#839);
#596=LINE('',#3801,#840);
#597=LINE('',#3803,#841);
#598=LINE('',#3805,#842);
#599=LINE('',#3807,#843);
#600=LINE('',#3809,#844);
#601=LINE('',#3811,#845);
#602=LINE('',#3813,#846);
#603=LINE('',#3815,#847);
#604=LINE('',#3817,#848);
#605=LINE('',#3819,#849);
#606=LINE('',#3821,#850);
#607=LINE('',#3823,#851);
#608=LINE('',#3825,#852);
#609=LINE('',#3826,#853);
#610=LINE('',#3828,#854);
#611=LINE('',#3830,#855);
#612=LINE('',#3832,#856);
#613=LINE('',#3834,#857);
#614=LINE('',#3836,#858);
#615=LINE('',#3837,#859);
#616=LINE('',#3840,#860);
#617=LINE('',#3842,#861);
#618=LINE('',#3843,#862);
#619=LINE('',#3846,#863);
#620=LINE('',#3847,#864);
#621=LINE('',#3850,#865);
#622=LINE('',#3851,#866);
#623=LINE('',#3854,#867);
#624=LINE('',#3855,#868);
#625=LINE('',#3858,#869);
#626=LINE('',#3859,#870);
#627=LINE('',#3862,#871);
#628=LINE('',#3864,#872);
#629=LINE('',#3865,#873);
#630=LINE('',#3868,#874);
#631=LINE('',#3869,#875);
#632=LINE('',#3872,#876);
#633=LINE('',#3873,#877);
#634=LINE('',#3876,#878);
#635=LINE('',#3878,#879);
#636=LINE('',#3879,#880);
#637=LINE('',#3882,#881);
#638=LINE('',#3883,#882);
#639=LINE('',#3886,#883);
#640=LINE('',#3887,#884);
#641=LINE('',#3890,#885);
#642=LINE('',#3891,#886);
#643=LINE('',#3894,#887);
#644=LINE('',#3895,#888);
#645=LINE('',#3898,#889);
#646=LINE('',#3902,#890);
#647=LINE('',#3905,#891);
#648=LINE('',#3909,#892);
#649=LINE('',#3913,#893);
#650=LINE('',#3915,#894);
#651=LINE('',#3920,#895);
#652=LINE('',#3923,#896);
#653=LINE('',#3926,#897);
#654=LINE('',#3931,#898);
#655=LINE('',#3938,#899);
#656=LINE('',#3942,#900);
#657=LINE('',#3946,#901);
#658=LINE('',#3947,#902);
#659=LINE('',#3950,#903);
#660=LINE('',#3954,#904);
#661=LINE('',#3955,#905);
#662=LINE('',#3958,#906);
#663=LINE('',#3961,#907);
#664=LINE('',#3964,#908);
#665=LINE('',#3966,#909);
#666=LINE('',#3967,#910);
#667=LINE('',#3970,#911);
#668=LINE('',#3974,#912);
#669=LINE('',#3975,#913);
#670=LINE('',#3978,#914);
#671=LINE('',#3983,#915);
#672=LINE('',#3985,#916);
#673=LINE('',#3987,#917);
#674=LINE('',#3989,#918);
#675=LINE('',#3991,#919);
#676=LINE('',#3994,#920);
#677=LINE('',#3996,#921);
#678=LINE('',#3998,#922);
#679=LINE('',#4000,#923);
#680=LINE('',#4001,#924);
#681=LINE('',#4016,#925);
#682=LINE('',#4024,#926);
#683=LINE('',#4032,#927);
#684=LINE('',#4034,#928);
#685=LINE('',#4036,#929);
#686=LINE('',#4038,#930);
#687=LINE('',#4040,#931);
#688=LINE('',#4042,#932);
#689=LINE('',#4045,#933);
#690=LINE('',#4052,#934);
#691=LINE('',#4055,#935);
#692=LINE('',#4056,#936);
#693=LINE('',#4064,#937);
#694=LINE('',#4067,#938);
#695=LINE('',#4068,#939);
#696=LINE('',#4072,#940);
#697=LINE('',#4074,#941);
#698=VECTOR('',#2665,10.);
#699=VECTOR('',#2666,10.);
#700=VECTOR('',#2667,10.);
#701=VECTOR('',#2668,10.);
#702=VECTOR('',#2671,10.);
#703=VECTOR('',#2672,10.);
#704=VECTOR('',#2673,10.);
#705=VECTOR('',#2674,10.);
#706=VECTOR('',#2677,10.);
#707=VECTOR('',#2682,10.);
#708=VECTOR('',#2683,10.);
#709=VECTOR('',#2684,10.);
#710=VECTOR('',#2687,10.);
#711=VECTOR('',#2692,10.);
#712=VECTOR('',#2693,10.);
#713=VECTOR('',#2694,10.);
#714=VECTOR('',#2695,10.);
#715=VECTOR('',#2698,10.);
#716=VECTOR('',#2699,10.);
#717=VECTOR('',#2700,10.);
#718=VECTOR('',#2701,10.);
#719=VECTOR('',#2702,10.);
#720=VECTOR('',#2703,10.);
#721=VECTOR('',#2704,10.);
#722=VECTOR('',#2707,10.);
#723=VECTOR('',#2710,10.);
#724=VECTOR('',#2713,10.);
#725=VECTOR('',#2724,10.);
#726=VECTOR('',#2727,10.);
#727=VECTOR('',#2730,10.);
#728=VECTOR('',#2733,10.);
#729=VECTOR('',#2740,10.);
#730=VECTOR('',#2743,10.);
#731=VECTOR('',#2746,10.);
#732=VECTOR('',#2747,10.);
#733=VECTOR('',#2748,10.);
#734=VECTOR('',#2753,10.);
#735=VECTOR('',#2754,10.);
#736=VECTOR('',#2757,10.);
#737=VECTOR('',#2758,10.);
#738=VECTOR('',#2759,10.);
#739=VECTOR('',#2760,10.);
#740=VECTOR('',#2761,10.);
#741=VECTOR('',#2762,10.);
#742=VECTOR('',#2767,10.);
#743=VECTOR('',#2770,10.);
#744=VECTOR('',#2773,10.);
#745=VECTOR('',#2776,10.);
#746=VECTOR('',#2783,10.);
#747=VECTOR('',#2786,10.);
#748=VECTOR('',#2789,10.);
#749=VECTOR('',#2792,10.);
#750=VECTOR('',#2793,10.);
#751=VECTOR('',#2794,10.);
#752=VECTOR('',#2795,10.);
#753=VECTOR('',#2796,10.);
#754=VECTOR('',#2797,10.);
#755=VECTOR('',#2802,10.);
#756=VECTOR('',#2805,10.);
#757=VECTOR('',#2808,10.);
#758=VECTOR('',#2809,10.);
#759=VECTOR('',#2810,10.);
#760=VECTOR('',#2815,10.);
#761=VECTOR('',#2818,10.);
#762=VECTOR('',#2821,10.);
#763=VECTOR('',#2822,10.);
#764=VECTOR('',#2823,10.);
#765=VECTOR('',#2826,10.);
#766=VECTOR('',#2829,10.);
#767=VECTOR('',#2832,10.);
#768=VECTOR('',#2833,10.);
#769=VECTOR('',#2834,10.);
#770=VECTOR('',#2835,10.);
#771=VECTOR('',#2836,10.);
#772=VECTOR('',#2837,10.);
#773=VECTOR('',#2842,10.);
#774=VECTOR('',#2847,10.);
#775=VECTOR('',#2848,10.);
#776=VECTOR('',#2849,10.);
#777=VECTOR('',#2854,10.);
#778=VECTOR('',#2859,10.);
#779=VECTOR('',#2860,10.);
#780=VECTOR('',#2861,10.);
#781=VECTOR('',#2866,10.);
#782=VECTOR('',#2871,10.);
#783=VECTOR('',#2872,10.);
#784=VECTOR('',#2873,10.);
#785=VECTOR('',#2874,10.);
#786=VECTOR('',#2875,10.);
#787=VECTOR('',#2876,10.);
#788=VECTOR('',#2877,10.);
#789=VECTOR('',#2882,10.);
#790=VECTOR('',#2887,10.);
#791=VECTOR('',#2888,10.);
#792=VECTOR('',#2889,10.);
#793=VECTOR('',#2894,10.);
#794=VECTOR('',#2899,10.);
#795=VECTOR('',#2900,10.);
#796=VECTOR('',#2901,10.);
#797=VECTOR('',#2906,10.);
#798=VECTOR('',#2911,10.);
#799=VECTOR('',#2912,10.);
#800=VECTOR('',#2913,10.);
#801=VECTOR('',#2918,10.);
#802=VECTOR('',#2923,10.);
#803=VECTOR('',#2926,10.);
#804=VECTOR('',#2933,10.);
#805=VECTOR('',#2936,10.);
#806=VECTOR('',#2941,10.);
#807=VECTOR('',#2946,10.);
#808=VECTOR('',#2951,10.);
#809=VECTOR('',#2956,10.);
#810=VECTOR('',#2967,10.);
#811=VECTOR('',#2972,10.);
#812=VECTOR('',#2979,10.);
#813=VECTOR('',#2982,10.);
#814=VECTOR('',#2985,10.);
#815=VECTOR('',#2992,10.);
#816=VECTOR('',#2995,10.);
#817=VECTOR('',#2996,10.);
#818=VECTOR('',#3001,10.);
#819=VECTOR('',#3004,10.);
#820=VECTOR('',#3009,10.);
#821=VECTOR('',#3014,10.);
#822=VECTOR('',#3021,10.);
#823=VECTOR('',#3024,10.);
#824=VECTOR('',#3029,10.);
#825=VECTOR('',#3030,10.);
#826=VECTOR('',#3039,10.);
#827=VECTOR('',#3042,10.);
#828=VECTOR('',#3049,10.);
#829=VECTOR('',#3054,10.);
#830=VECTOR('',#3057,10.);
#831=VECTOR('',#3058,10.);
#832=VECTOR('',#3059,10.);
#833=VECTOR('',#3060,10.);
#834=VECTOR('',#3063,10.);
#835=VECTOR('',#3064,10.);
#836=VECTOR('',#3065,10.);
#837=VECTOR('',#3066,10.);
#838=VECTOR('',#3069,10.);
#839=VECTOR('',#3070,10.);
#840=VECTOR('',#3071,10.);
#841=VECTOR('',#3072,10.);
#842=VECTOR('',#3073,10.);
#843=VECTOR('',#3074,10.);
#844=VECTOR('',#3075,10.);
#845=VECTOR('',#3076,10.);
#846=VECTOR('',#3077,10.);
#847=VECTOR('',#3078,10.);
#848=VECTOR('',#3079,10.);
#849=VECTOR('',#3080,10.);
#850=VECTOR('',#3081,10.);
#851=VECTOR('',#3082,10.);
#852=VECTOR('',#3083,10.);
#853=VECTOR('',#3084,10.);
#854=VECTOR('',#3085,10.);
#855=VECTOR('',#3086,10.);
#856=VECTOR('',#3087,10.);
#857=VECTOR('',#3088,10.);
#858=VECTOR('',#3089,10.);
#859=VECTOR('',#3090,10.);
#860=VECTOR('',#3093,10.);
#861=VECTOR('',#3094,10.);
#862=VECTOR('',#3095,10.);
#863=VECTOR('',#3098,10.);
#864=VECTOR('',#3099,10.);
#865=VECTOR('',#3102,10.);
#866=VECTOR('',#3103,10.);
#867=VECTOR('',#3106,10.);
#868=VECTOR('',#3107,10.);
#869=VECTOR('',#3110,10.);
#870=VECTOR('',#3111,10.);
#871=VECTOR('',#3114,10.);
#872=VECTOR('',#3115,10.);
#873=VECTOR('',#3116,10.);
#874=VECTOR('',#3119,10.);
#875=VECTOR('',#3120,10.);
#876=VECTOR('',#3123,10.);
#877=VECTOR('',#3124,10.);
#878=VECTOR('',#3127,10.);
#879=VECTOR('',#3128,10.);
#880=VECTOR('',#3129,10.);
#881=VECTOR('',#3132,10.);
#882=VECTOR('',#3133,10.);
#883=VECTOR('',#3136,10.);
#884=VECTOR('',#3137,10.);
#885=VECTOR('',#3140,10.);
#886=VECTOR('',#3141,10.);
#887=VECTOR('',#3144,10.);
#888=VECTOR('',#3145,10.);
#889=VECTOR('',#3148,10.);
#890=VECTOR('',#3151,10.);
#891=VECTOR('',#3156,10.);
#892=VECTOR('',#3161,10.);
#893=VECTOR('',#3166,10.);
#894=VECTOR('',#3169,10.);
#895=VECTOR('',#3174,10.);
#896=VECTOR('',#3177,10.);
#897=VECTOR('',#3180,2.35);
#898=VECTOR('',#3187,2.35);
#899=VECTOR('',#3198,10.);
#900=VECTOR('',#3203,10.);
#901=VECTOR('',#3208,10.);
#902=VECTOR('',#3209,10.);
#903=VECTOR('',#3212,10.);
#904=VECTOR('',#3217,10.);
#905=VECTOR('',#3218,10.);
#906=VECTOR('',#3221,10.);
#907=VECTOR('',#3226,10.);
#908=VECTOR('',#3229,10.);
#909=VECTOR('',#3230,10.);
#910=VECTOR('',#3231,10.);
#911=VECTOR('',#3234,10.);
#912=VECTOR('',#3239,10.);
#913=VECTOR('',#3240,10.);
#914=VECTOR('',#3243,10.);
#915=VECTOR('',#3250,10.);
#916=VECTOR('',#3253,10.);
#917=VECTOR('',#3256,10.);
#918=VECTOR('',#3259,10.);
#919=VECTOR('',#3262,10.);
#920=VECTOR('',#3265,10.);
#921=VECTOR('',#3266,10.);
#922=VECTOR('',#3267,10.);
#923=VECTOR('',#3268,10.);
#924=VECTOR('',#3269,10.);
#925=VECTOR('',#3288,10.);
#926=VECTOR('',#3297,10.);
#927=VECTOR('',#3308,1.7);
#928=VECTOR('',#3311,1.7);
#929=VECTOR('',#3314,1.7);
#930=VECTOR('',#3317,1.7);
#931=VECTOR('',#3320,10.);
#932=VECTOR('',#3323,10.);
#933=VECTOR('',#3328,10.);
#934=VECTOR('',#3339,10.);
#935=VECTOR('',#3342,10.);
#936=VECTOR('',#3343,10.);
#937=VECTOR('',#3356,10.);
#938=VECTOR('',#3359,10.);
#939=VECTOR('',#3360,10.);
#940=VECTOR('',#3365,10.);
#941=VECTOR('',#3368,10.);
#942=VERTEX_POINT('',#3373);
#943=VERTEX_POINT('',#3374);
#944=VERTEX_POINT('',#3376);
#945=VERTEX_POINT('',#3378);
#946=VERTEX_POINT('',#3382);
#947=VERTEX_POINT('',#3383);
#948=VERTEX_POINT('',#3387);
#949=VERTEX_POINT('',#3388);
#950=VERTEX_POINT('',#3390);
#951=VERTEX_POINT('',#3392);
#952=VERTEX_POINT('',#3396);
#953=VERTEX_POINT('',#3398);
#954=VERTEX_POINT('',#3402);
#955=VERTEX_POINT('',#3406);
#956=VERTEX_POINT('',#3407);
#957=VERTEX_POINT('',#3409);
#958=VERTEX_POINT('',#3411);
#959=VERTEX_POINT('',#3415);
#960=VERTEX_POINT('',#3417);
#961=VERTEX_POINT('',#3419);
#962=VERTEX_POINT('',#3421);
#963=VERTEX_POINT('',#3423);
#964=VERTEX_POINT('',#3425);
#965=VERTEX_POINT('',#3429);
#966=VERTEX_POINT('',#3431);
#967=VERTEX_POINT('',#3433);
#968=VERTEX_POINT('',#3435);
#969=VERTEX_POINT('',#3437);
#970=VERTEX_POINT('',#3440);
#971=VERTEX_POINT('',#3443);
#972=VERTEX_POINT('',#3445);
#973=VERTEX_POINT('',#3449);
#974=VERTEX_POINT('',#3454);
#975=VERTEX_POINT('',#3458);
#976=VERTEX_POINT('',#3459);
#977=VERTEX_POINT('',#3461);
#978=VERTEX_POINT('',#3463);
#979=VERTEX_POINT('',#3467);
#980=VERTEX_POINT('',#3469);
#981=VERTEX_POINT('',#3473);
#982=VERTEX_POINT('',#3474);
#983=VERTEX_POINT('',#3479);
#984=VERTEX_POINT('',#3481);
#985=VERTEX_POINT('',#3483);
#986=VERTEX_POINT('',#3485);
#987=VERTEX_POINT('',#3487);
#988=VERTEX_POINT('',#3491);
#989=VERTEX_POINT('',#3492);
#990=VERTEX_POINT('',#3494);
#991=VERTEX_POINT('',#3496);
#992=VERTEX_POINT('',#3500);
#993=VERTEX_POINT('',#3502);
#994=VERTEX_POINT('',#3504);
#995=VERTEX_POINT('',#3506);
#996=VERTEX_POINT('',#3508);
#997=VERTEX_POINT('',#3510);
#998=VERTEX_POINT('',#3512);
#999=VERTEX_POINT('',#3514);
#1000=VERTEX_POINT('',#3516);
#1001=VERTEX_POINT('',#3518);
#1002=VERTEX_POINT('',#3522);
#1003=VERTEX_POINT('',#3524);
#1004=VERTEX_POINT('',#3526);
#1005=VERTEX_POINT('',#3528);
#1006=VERTEX_POINT('',#3530);
#1007=VERTEX_POINT('',#3534);
#1008=VERTEX_POINT('',#3535);
#1009=VERTEX_POINT('',#3537);
#1010=VERTEX_POINT('',#3539);
#1011=VERTEX_POINT('',#3543);
#1012=VERTEX_POINT('',#3545);
#1013=VERTEX_POINT('',#3549);
#1014=VERTEX_POINT('',#3550);
#1015=VERTEX_POINT('',#3552);
#1016=VERTEX_POINT('',#3554);
#1017=VERTEX_POINT('',#3558);
#1018=VERTEX_POINT('',#3560);
#1019=VERTEX_POINT('',#3564);
#1020=VERTEX_POINT('',#3566);
#1021=VERTEX_POINT('',#3570);
#1022=VERTEX_POINT('',#3572);
#1023=VERTEX_POINT('',#3574);
#1024=VERTEX_POINT('',#3576);
#1025=VERTEX_POINT('',#3578);
#1026=VERTEX_POINT('',#3582);
#1027=VERTEX_POINT('',#3584);
#1028=VERTEX_POINT('',#3588);
#1029=VERTEX_POINT('',#3590);
#1030=VERTEX_POINT('',#3594);
#1031=VERTEX_POINT('',#3596);
#1032=VERTEX_POINT('',#3600);
#1033=VERTEX_POINT('',#3602);
#1034=VERTEX_POINT('',#3606);
#1035=VERTEX_POINT('',#3608);
#1036=VERTEX_POINT('',#3612);
#1037=VERTEX_POINT('',#3614);
#1038=VERTEX_POINT('',#3616);
#1039=VERTEX_POINT('',#3618);
#1040=VERTEX_POINT('',#3620);
#1041=VERTEX_POINT('',#3622);
#1042=VERTEX_POINT('',#3626);
#1043=VERTEX_POINT('',#3628);
#1044=VERTEX_POINT('',#3632);
#1045=VERTEX_POINT('',#3634);
#1046=VERTEX_POINT('',#3638);
#1047=VERTEX_POINT('',#3640);
#1048=VERTEX_POINT('',#3644);
#1049=VERTEX_POINT('',#3646);
#1050=VERTEX_POINT('',#3650);
#1051=VERTEX_POINT('',#3652);
#1052=VERTEX_POINT('',#3656);
#1053=VERTEX_POINT('',#3658);
#1054=VERTEX_POINT('',#3662);
#1055=VERTEX_POINT('',#3664);
#1056=VERTEX_POINT('',#3668);
#1057=VERTEX_POINT('',#3672);
#1058=VERTEX_POINT('',#3674);
#1059=VERTEX_POINT('',#3677);
#1060=VERTEX_POINT('',#3679);
#1061=VERTEX_POINT('',#3683);
#1062=VERTEX_POINT('',#3685);
#1063=VERTEX_POINT('',#3691);
#1064=VERTEX_POINT('',#3693);
#1065=VERTEX_POINT('',#3702);
#1066=VERTEX_POINT('',#3706);
#1067=VERTEX_POINT('',#3712);
#1068=VERTEX_POINT('',#3714);
#1069=VERTEX_POINT('',#3718);
#1070=VERTEX_POINT('',#3722);
#1071=VERTEX_POINT('',#3726);
#1072=VERTEX_POINT('',#3730);
#1073=VERTEX_POINT('',#3731);
#1074=VERTEX_POINT('',#3733);
#1075=VERTEX_POINT('',#3735);
#1076=VERTEX_POINT('',#3739);
#1077=VERTEX_POINT('',#3742);
#1078=VERTEX_POINT('',#3744);
#1079=VERTEX_POINT('',#3746);
#1080=VERTEX_POINT('',#3750);
#1081=VERTEX_POINT('',#3754);
#1082=VERTEX_POINT('',#3758);
#1083=VERTEX_POINT('',#3764);
#1084=VERTEX_POINT('',#3772);
#1085=VERTEX_POINT('',#3778);
#1086=VERTEX_POINT('',#3779);
#1087=VERTEX_POINT('',#3781);
#1088=VERTEX_POINT('',#3783);
#1089=VERTEX_POINT('',#3787);
#1090=VERTEX_POINT('',#3788);
#1091=VERTEX_POINT('',#3790);
#1092=VERTEX_POINT('',#3792);
#1093=VERTEX_POINT('',#3796);
#1094=VERTEX_POINT('',#3798);
#1095=VERTEX_POINT('',#3800);
#1096=VERTEX_POINT('',#3802);
#1097=VERTEX_POINT('',#3804);
#1098=VERTEX_POINT('',#3806);
#1099=VERTEX_POINT('',#3808);
#1100=VERTEX_POINT('',#3810);
#1101=VERTEX_POINT('',#3812);
#1102=VERTEX_POINT('',#3814);
#1103=VERTEX_POINT('',#3816);
#1104=VERTEX_POINT('',#3818);
#1105=VERTEX_POINT('',#3820);
#1106=VERTEX_POINT('',#3822);
#1107=VERTEX_POINT('',#3824);
#1108=VERTEX_POINT('',#3827);
#1109=VERTEX_POINT('',#3829);
#1110=VERTEX_POINT('',#3831);
#1111=VERTEX_POINT('',#3833);
#1112=VERTEX_POINT('',#3835);
#1113=VERTEX_POINT('',#3839);
#1114=VERTEX_POINT('',#3841);
#1115=VERTEX_POINT('',#3845);
#1116=VERTEX_POINT('',#3849);
#1117=VERTEX_POINT('',#3853);
#1118=VERTEX_POINT('',#3857);
#1119=VERTEX_POINT('',#3861);
#1120=VERTEX_POINT('',#3863);
#1121=VERTEX_POINT('',#3867);
#1122=VERTEX_POINT('',#3871);
#1123=VERTEX_POINT('',#3875);
#1124=VERTEX_POINT('',#3877);
#1125=VERTEX_POINT('',#3881);
#1126=VERTEX_POINT('',#3885);
#1127=VERTEX_POINT('',#3889);
#1128=VERTEX_POINT('',#3893);
#1129=VERTEX_POINT('',#3897);
#1130=VERTEX_POINT('',#3899);
#1131=VERTEX_POINT('',#3901);
#1132=VERTEX_POINT('',#3906);
#1133=VERTEX_POINT('',#3910);
#1134=VERTEX_POINT('',#3917);
#1135=VERTEX_POINT('',#3919);
#1136=VERTEX_POINT('',#3921);
#1137=VERTEX_POINT('',#3925);
#1138=VERTEX_POINT('',#3930);
#1139=VERTEX_POINT('',#3937);
#1140=VERTEX_POINT('',#3941);
#1141=VERTEX_POINT('',#3945);
#1142=VERTEX_POINT('',#3949);
#1143=VERTEX_POINT('',#3953);
#1144=VERTEX_POINT('',#3957);
#1145=VERTEX_POINT('',#3963);
#1146=VERTEX_POINT('',#3965);
#1147=VERTEX_POINT('',#3969);
#1148=VERTEX_POINT('',#3973);
#1149=VERTEX_POINT('',#3977);
#1150=VERTEX_POINT('',#3981);
#1151=VERTEX_POINT('',#3993);
#1152=VERTEX_POINT('',#3995);
#1153=VERTEX_POINT('',#3997);
#1154=VERTEX_POINT('',#3999);
#1155=VERTEX_POINT('',#4003);
#1156=VERTEX_POINT('',#4006);
#1157=VERTEX_POINT('',#4009);
#1158=VERTEX_POINT('',#4012);
#1159=VERTEX_POINT('',#4015);
#1160=VERTEX_POINT('',#4019);
#1161=VERTEX_POINT('',#4022);
#1162=VERTEX_POINT('',#4023);
#1163=VERTEX_POINT('',#4027);
#1164=VERTEX_POINT('',#4029);
#1165=VERTEX_POINT('',#4050);
#1166=VERTEX_POINT('',#4054);
#1167=VERTEX_POINT('',#4062);
#1168=VERTEX_POINT('',#4066);
#1169=VERTEX_POINT('',#4070);
#1170=EDGE_CURVE('',#942,#943,#454,.F.);
#1171=EDGE_CURVE('',#944,#942,#455,.T.);
#1172=EDGE_CURVE('',#945,#944,#456,.T.);
#1173=EDGE_CURVE('',#945,#943,#457,.T.);
#1174=EDGE_CURVE('',#946,#947,#458,.F.);
#1175=EDGE_CURVE('',#947,#942,#459,.F.);
#1176=EDGE_CURVE('',#943,#946,#460,.F.);
#1177=EDGE_CURVE('',#948,#949,#461,.T.);
#1178=EDGE_CURVE('',#950,#948,#80,.T.);
#1179=EDGE_CURVE('',#951,#950,#462,.T.);
#1180=EDGE_CURVE('',#949,#951,#81,.T.);
#1181=EDGE_CURVE('',#952,#949,#463,.T.);
#1182=EDGE_CURVE('',#953,#952,#464,.T.);
#1183=EDGE_CURVE('',#953,#948,#465,.T.);
#1184=EDGE_CURVE('',#954,#951,#466,.T.);
#1185=EDGE_CURVE('',#952,#954,#82,.T.);
#1186=EDGE_CURVE('',#955,#956,#467,.T.);
#1187=EDGE_CURVE('',#957,#956,#468,.T.);
#1188=EDGE_CURVE('',#958,#957,#469,.T.);
#1189=EDGE_CURVE('',#955,#958,#470,.T.);
#1190=EDGE_CURVE('',#959,#945,#471,.T.);
#1191=EDGE_CURVE('',#944,#960,#472,.T.);
#1192=EDGE_CURVE('',#960,#961,#473,.T.);
#1193=EDGE_CURVE('',#961,#962,#474,.T.);
#1194=EDGE_CURVE('',#963,#962,#475,.T.);
#1195=EDGE_CURVE('',#964,#963,#476,.T.);
#1196=EDGE_CURVE('',#964,#959,#477,.T.);
#1197=EDGE_CURVE('',#960,#965,#478,.T.);
#1198=EDGE_CURVE('',#965,#966,#83,.T.);
#1199=EDGE_CURVE('',#966,#967,#479,.T.);
#1200=EDGE_CURVE('',#968,#967,#84,.T.);
#1201=EDGE_CURVE('',#969,#968,#480,.T.);
#1202=EDGE_CURVE('',#961,#969,#85,.T.);
#1203=EDGE_CURVE('',#970,#970,#86,.T.);
#1204=EDGE_CURVE('',#971,#955,#87,.T.);
#1205=EDGE_CURVE('',#972,#958,#88,.T.);
#1206=EDGE_CURVE('',#972,#971,#481,.T.);
#1207=EDGE_CURVE('',#973,#946,#482,.T.);
#1208=EDGE_CURVE('',#956,#973,#89,.T.);
#1209=EDGE_CURVE('',#971,#947,#483,.T.);
#1210=EDGE_CURVE('',#973,#974,#484,.T.);
#1211=EDGE_CURVE('',#957,#974,#90,.T.);
#1212=EDGE_CURVE('',#975,#976,#91,.T.);
#1213=EDGE_CURVE('',#975,#977,#485,.T.);
#1214=EDGE_CURVE('',#977,#978,#92,.T.);
#1215=EDGE_CURVE('',#978,#976,#486,.T.);
#1216=EDGE_CURVE('',#979,#975,#487,.T.);
#1217=EDGE_CURVE('',#980,#979,#488,.T.);
#1218=EDGE_CURVE('',#977,#980,#489,.T.);
#1219=EDGE_CURVE('',#981,#982,#93,.T.);
#1220=EDGE_CURVE('',#981,#968,#490,.T.);
#1221=EDGE_CURVE('',#967,#982,#491,.T.);
#1222=EDGE_CURVE('',#983,#981,#492,.T.);
#1223=EDGE_CURVE('',#984,#983,#493,.T.);
#1224=EDGE_CURVE('',#984,#985,#494,.T.);
#1225=EDGE_CURVE('',#985,#986,#495,.T.);
#1226=EDGE_CURVE('',#987,#986,#496,.T.);
#1227=EDGE_CURVE('',#969,#987,#497,.T.);
#1228=EDGE_CURVE('',#988,#989,#94,.T.);
#1229=EDGE_CURVE('',#988,#990,#498,.T.);
#1230=EDGE_CURVE('',#990,#991,#95,.T.);
#1231=EDGE_CURVE('',#991,#989,#499,.T.);
#1232=EDGE_CURVE('',#989,#992,#500,.T.);
#1233=EDGE_CURVE('',#992,#993,#96,.T.);
#1234=EDGE_CURVE('',#993,#994,#501,.T.);
#1235=EDGE_CURVE('',#994,#995,#97,.T.);
#1236=EDGE_CURVE('',#995,#996,#98,.T.);
#1237=EDGE_CURVE('',#996,#997,#99,.T.);
#1238=EDGE_CURVE('',#997,#998,#502,.T.);
#1239=EDGE_CURVE('',#998,#999,#100,.T.);
#1240=EDGE_CURVE('',#999,#1000,#503,.T.);
#1241=EDGE_CURVE('',#1000,#1001,#101,.T.);
#1242=EDGE_CURVE('',#1001,#988,#504,.T.);
#1243=EDGE_CURVE('',#1002,#991,#505,.T.);
#1244=EDGE_CURVE('',#1003,#1002,#506,.T.);
#1245=EDGE_CURVE('',#1004,#1003,#507,.T.);
#1246=EDGE_CURVE('',#1005,#1004,#508,.T.);
#1247=EDGE_CURVE('',#1005,#1006,#509,.T.);
#1248=EDGE_CURVE('',#992,#1006,#510,.T.);
#1249=EDGE_CURVE('',#1007,#1008,#102,.T.);
#1250=EDGE_CURVE('',#1007,#1009,#511,.T.);
#1251=EDGE_CURVE('',#1009,#1010,#103,.T.);
#1252=EDGE_CURVE('',#1010,#1008,#512,.T.);
#1253=EDGE_CURVE('',#1011,#1007,#513,.T.);
#1254=EDGE_CURVE('',#1012,#1011,#514,.T.);
#1255=EDGE_CURVE('',#1009,#1012,#515,.T.);
#1256=EDGE_CURVE('',#1013,#1014,#104,.T.);
#1257=EDGE_CURVE('',#1013,#1015,#516,.T.);
#1258=EDGE_CURVE('',#1015,#1016,#105,.T.);
#1259=EDGE_CURVE('',#1016,#1014,#517,.T.);
#1260=EDGE_CURVE('',#1017,#1013,#518,.T.);
#1261=EDGE_CURVE('',#1018,#1017,#519,.T.);
#1262=EDGE_CURVE('',#1015,#1018,#520,.T.);
#1263=EDGE_CURVE('',#1000,#1019,#521,.T.);
#1264=EDGE_CURVE('',#1019,#1020,#106,.T.);
#1265=EDGE_CURVE('',#1020,#1001,#522,.T.);
#1266=EDGE_CURVE('',#1021,#999,#523,.T.);
#1267=EDGE_CURVE('',#1021,#1022,#524,.T.);
#1268=EDGE_CURVE('',#1023,#1022,#525,.T.);
#1269=EDGE_CURVE('',#1024,#1023,#526,.T.);
#1270=EDGE_CURVE('',#1025,#1024,#527,.T.);
#1271=EDGE_CURVE('',#1019,#1025,#528,.T.);
#1272=EDGE_CURVE('',#1026,#1011,#107,.T.);
#1273=EDGE_CURVE('',#1026,#1027,#529,.T.);
#1274=EDGE_CURVE('',#1027,#1012,#108,.T.);
#1275=EDGE_CURVE('',#1028,#1026,#530,.T.);
#1276=EDGE_CURVE('',#1029,#1028,#531,.T.);
#1277=EDGE_CURVE('',#1027,#1029,#532,.T.);
#1278=EDGE_CURVE('',#1030,#1017,#109,.T.);
#1279=EDGE_CURVE('',#1030,#1031,#533,.T.);
#1280=EDGE_CURVE('',#1031,#1018,#110,.T.);
#1281=EDGE_CURVE('',#1032,#1030,#534,.T.);
#1282=EDGE_CURVE('',#1033,#1032,#535,.T.);
#1283=EDGE_CURVE('',#1031,#1033,#536,.T.);
#1284=EDGE_CURVE('',#1034,#983,#111,.T.);
#1285=EDGE_CURVE('',#1034,#1035,#537,.T.);
#1286=EDGE_CURVE('',#1035,#984,#112,.T.);
#1287=EDGE_CURVE('',#1036,#1034,#538,.T.);
#1288=EDGE_CURVE('',#1037,#1036,#539,.T.);
#1289=EDGE_CURVE('',#1037,#1038,#540,.T.);
#1290=EDGE_CURVE('',#1039,#1038,#541,.T.);
#1291=EDGE_CURVE('',#1040,#1039,#542,.T.);
#1292=EDGE_CURVE('',#1041,#1040,#543,.T.);
#1293=EDGE_CURVE('',#1035,#1041,#544,.T.);
#1294=EDGE_CURVE('',#1042,#1032,#113,.T.);
#1295=EDGE_CURVE('',#1042,#1043,#545,.T.);
#1296=EDGE_CURVE('',#1043,#1033,#114,.T.);
#1297=EDGE_CURVE('',#1044,#1042,#546,.T.);
#1298=EDGE_CURVE('',#1045,#1044,#547,.T.);
#1299=EDGE_CURVE('',#1043,#1045,#548,.T.);
#1300=EDGE_CURVE('',#1046,#1028,#115,.T.);
#1301=EDGE_CURVE('',#1046,#1047,#549,.T.);
#1302=EDGE_CURVE('',#1047,#1029,#116,.T.);
#1303=EDGE_CURVE('',#1048,#1046,#550,.T.);
#1304=EDGE_CURVE('',#1049,#1048,#551,.T.);
#1305=EDGE_CURVE('',#1047,#1049,#552,.T.);
#1306=EDGE_CURVE('',#1050,#1024,#117,.T.);
#1307=EDGE_CURVE('',#1050,#1051,#553,.T.);
#1308=EDGE_CURVE('',#1051,#1025,#118,.T.);
#1309=EDGE_CURVE('',#1052,#1050,#554,.T.);
#1310=EDGE_CURVE('',#1053,#1052,#555,.T.);
#1311=EDGE_CURVE('',#1051,#1053,#556,.T.);
#1312=EDGE_CURVE('',#1054,#1040,#119,.T.);
#1313=EDGE_CURVE('',#1054,#1055,#557,.T.);
#1314=EDGE_CURVE('',#1055,#1041,#120,.T.);
#1315=EDGE_CURVE('',#974,#1056,#558,.T.);
#1316=EDGE_CURVE('',#1056,#979,#121,.T.);
#1317=EDGE_CURVE('',#976,#1054,#559,.T.);
#1318=EDGE_CURVE('',#1039,#1057,#122,.T.);
#1319=EDGE_CURVE('',#1057,#1058,#123,.T.);
#1320=EDGE_CURVE('',#1058,#1036,#124,.T.);
#1321=EDGE_CURVE('',#982,#1059,#560,.T.);
#1322=EDGE_CURVE('',#1059,#1060,#125,.T.);
#1323=EDGE_CURVE('',#1060,#972,#561,.T.);
#1324=EDGE_CURVE('',#1061,#1044,#126,.T.);
#1325=EDGE_CURVE('',#1061,#1062,#562,.T.);
#1326=EDGE_CURVE('',#1062,#1045,#127,.T.);
#1327=EDGE_CURVE('',#1014,#1061,#563,.T.);
#1328=EDGE_CURVE('',#1063,#1048,#128,.T.);
#1329=EDGE_CURVE('',#1063,#1064,#564,.T.);
#1330=EDGE_CURVE('',#1064,#1049,#129,.T.);
#1331=EDGE_CURVE('',#1008,#1063,#565,.T.);
#1332=EDGE_CURVE('',#1003,#1052,#130,.T.);
#1333=EDGE_CURVE('',#1002,#1053,#131,.T.);
#1334=EDGE_CURVE('',#1038,#1065,#132,.T.);
#1335=EDGE_CURVE('',#1065,#1057,#566,.T.);
#1336=EDGE_CURVE('',#1066,#1065,#133,.T.);
#1337=EDGE_CURVE('',#1058,#1066,#567,.T.);
#1338=EDGE_CURVE('',#1066,#1037,#134,.T.);
#1339=EDGE_CURVE('',#996,#1067,#568,.T.);
#1340=EDGE_CURVE('',#1067,#1068,#135,.T.);
#1341=EDGE_CURVE('',#1068,#997,#569,.T.);
#1342=EDGE_CURVE('',#1069,#995,#570,.T.);
#1343=EDGE_CURVE('',#1067,#1069,#136,.T.);
#1344=EDGE_CURVE('',#1006,#1070,#137,.T.);
#1345=EDGE_CURVE('',#1070,#993,#571,.T.);
#1346=EDGE_CURVE('',#1070,#1071,#572,.T.);
#1347=EDGE_CURVE('',#994,#1071,#573,.T.);
#1348=EDGE_CURVE('',#1072,#1073,#138,.T.);
#1349=EDGE_CURVE('',#1072,#1074,#574,.T.);
#1350=EDGE_CURVE('',#1074,#1075,#139,.T.);
#1351=EDGE_CURVE('',#1075,#1073,#575,.T.);
#1352=EDGE_CURVE('',#1023,#1076,#140,.T.);
#1353=EDGE_CURVE('',#1076,#1072,#576,.T.);
#1354=EDGE_CURVE('',#1073,#1077,#141,.T.);
#1355=EDGE_CURVE('',#1077,#1078,#142,.T.);
#1356=EDGE_CURVE('',#1078,#1079,#577,.T.);
#1357=EDGE_CURVE('',#1079,#1004,#143,.T.);
#1358=EDGE_CURVE('',#1080,#1075,#144,.T.);
#1359=EDGE_CURVE('',#1077,#1080,#578,.T.);
#1360=EDGE_CURVE('',#1079,#1081,#579,.T.);
#1361=EDGE_CURVE('',#1081,#1005,#145,.T.);
#1362=EDGE_CURVE('',#1082,#1078,#580,.T.);
#1363=EDGE_CURVE('',#1082,#1081,#581,.T.);
#1364=EDGE_CURVE('',#1080,#1082,#146,.T.);
#1365=EDGE_CURVE('',#1022,#1083,#147,.T.);
#1366=EDGE_CURVE('',#1083,#1076,#582,.T.);
#1367=EDGE_CURVE('',#1083,#1074,#583,.T.);
#1368=EDGE_CURVE('',#1071,#1069,#148,.T.);
#1369=EDGE_CURVE('',#998,#1084,#584,.T.);
#1370=EDGE_CURVE('',#1084,#1021,#149,.T.);
#1371=EDGE_CURVE('',#1068,#1084,#585,.T.);
#1372=EDGE_CURVE('',#1085,#1086,#586,.T.);
#1373=EDGE_CURVE('',#1087,#1085,#587,.T.);
#1374=EDGE_CURVE('',#1088,#1087,#588,.T.);
#1375=EDGE_CURVE('',#1086,#1088,#589,.T.);
#1376=EDGE_CURVE('',#1089,#1090,#590,.T.);
#1377=EDGE_CURVE('',#1091,#1089,#591,.T.);
#1378=EDGE_CURVE('',#1092,#1091,#592,.T.);
#1379=EDGE_CURVE('',#1090,#1092,#593,.T.);
#1380=EDGE_CURVE('',#1093,#1088,#594,.T.);
#1381=EDGE_CURVE('',#1087,#1094,#595,.T.);
#1382=EDGE_CURVE('',#1094,#1095,#596,.T.);
#1383=EDGE_CURVE('',#1095,#1096,#597,.T.);
#1384=EDGE_CURVE('',#1096,#1097,#598,.T.);
#1385=EDGE_CURVE('',#1097,#1098,#599,.T.);
#1386=EDGE_CURVE('',#1098,#1099,#600,.T.);
#1387=EDGE_CURVE('',#1100,#1099,#601,.T.);
#1388=EDGE_CURVE('',#1100,#1101,#602,.T.);
#1389=EDGE_CURVE('',#1101,#1102,#603,.T.);
#1390=EDGE_CURVE('',#1102,#1103,#604,.T.);
#1391=EDGE_CURVE('',#1103,#1104,#605,.T.);
#1392=EDGE_CURVE('',#1104,#1105,#606,.T.);
#1393=EDGE_CURVE('',#1105,#1106,#607,.T.);
#1394=EDGE_CURVE('',#1106,#1107,#608,.T.);
#1395=EDGE_CURVE('',#1107,#1092,#609,.T.);
#1396=EDGE_CURVE('',#1091,#1108,#610,.T.);
#1397=EDGE_CURVE('',#1108,#1109,#611,.T.);
#1398=EDGE_CURVE('',#1109,#1110,#612,.T.);
#1399=EDGE_CURVE('',#1110,#1111,#613,.T.);
#1400=EDGE_CURVE('',#1111,#1112,#614,.T.);
#1401=EDGE_CURVE('',#1112,#1093,#615,.T.);
#1402=EDGE_CURVE('',#1113,#1104,#616,.T.);
#1403=EDGE_CURVE('',#1114,#1113,#617,.T.);
#1404=EDGE_CURVE('',#1105,#1114,#618,.T.);
#1405=EDGE_CURVE('',#1115,#1114,#619,.T.);
#1406=EDGE_CURVE('',#1106,#1115,#620,.T.);
#1407=EDGE_CURVE('',#1116,#1103,#621,.T.);
#1408=EDGE_CURVE('',#1113,#1116,#622,.T.);
#1409=EDGE_CURVE('',#1117,#1085,#623,.T.);
#1410=EDGE_CURVE('',#1094,#1117,#624,.T.);
#1411=EDGE_CURVE('',#1118,#1093,#625,.T.);
#1412=EDGE_CURVE('',#1086,#1118,#626,.T.);
#1413=EDGE_CURVE('',#1119,#1110,#627,.T.);
#1414=EDGE_CURVE('',#1120,#1119,#628,.T.);
#1415=EDGE_CURVE('',#1111,#1120,#629,.T.);
#1416=EDGE_CURVE('',#1121,#1120,#630,.T.);
#1417=EDGE_CURVE('',#1112,#1121,#631,.T.);
#1418=EDGE_CURVE('',#1122,#1109,#632,.T.);
#1419=EDGE_CURVE('',#1119,#1122,#633,.T.);
#1420=EDGE_CURVE('',#1123,#1096,#634,.T.);
#1421=EDGE_CURVE('',#1124,#1123,#635,.T.);
#1422=EDGE_CURVE('',#1097,#1124,#636,.T.);
#1423=EDGE_CURVE('',#1125,#1124,#637,.T.);
#1424=EDGE_CURVE('',#1098,#1125,#638,.T.);
#1425=EDGE_CURVE('',#1126,#1095,#639,.T.);
#1426=EDGE_CURVE('',#1123,#1126,#640,.T.);
#1427=EDGE_CURVE('',#1127,#1089,#641,.T.);
#1428=EDGE_CURVE('',#1108,#1127,#642,.T.);
#1429=EDGE_CURVE('',#1128,#1107,#643,.T.);
#1430=EDGE_CURVE('',#1090,#1128,#644,.T.);
#1431=EDGE_CURVE('',#1129,#1125,#645,.T.);
#1432=EDGE_CURVE('',#1130,#1129,#150,.T.);
#1433=EDGE_CURVE('',#1131,#1130,#646,.T.);
#1434=EDGE_CURVE('',#1099,#1131,#151,.T.);
#1435=EDGE_CURVE('',#1128,#1115,#647,.T.);
#1436=EDGE_CURVE('',#1132,#1132,#152,.T.);
#1437=EDGE_CURVE('',#1126,#1117,#648,.T.);
#1438=EDGE_CURVE('',#1133,#1133,#153,.T.);
#1439=EDGE_CURVE('',#1122,#1127,#649,.T.);
#1440=EDGE_CURVE('',#1118,#1121,#650,.T.);
#1441=EDGE_CURVE('',#1134,#1102,#154,.T.);
#1442=EDGE_CURVE('',#1135,#1134,#651,.T.);
#1443=EDGE_CURVE('',#1136,#1135,#155,.T.);
#1444=EDGE_CURVE('',#1116,#1136,#652,.T.);
#1445=EDGE_CURVE('',#1133,#1137,#653,.T.);
#1446=EDGE_CURVE('',#1137,#1137,#156,.T.);
#1447=EDGE_CURVE('',#1132,#1138,#654,.T.);
#1448=EDGE_CURVE('',#1138,#1138,#157,.T.);
#1449=EDGE_CURVE('',#1131,#1139,#655,.T.);
#1450=EDGE_CURVE('',#1139,#1100,#158,.T.);
#1451=EDGE_CURVE('',#1140,#1134,#656,.T.);
#1452=EDGE_CURVE('',#1101,#1140,#159,.T.);
#1453=EDGE_CURVE('',#1141,#1135,#657,.T.);
#1454=EDGE_CURVE('',#1140,#1141,#658,.T.);
#1455=EDGE_CURVE('',#1142,#1136,#659,.T.);
#1456=EDGE_CURVE('',#1141,#1142,#160,.T.);
#1457=EDGE_CURVE('',#1142,#1143,#660,.T.);
#1458=EDGE_CURVE('',#1143,#1129,#661,.T.);
#1459=EDGE_CURVE('',#1144,#1130,#662,.T.);
#1460=EDGE_CURVE('',#1143,#1144,#161,.T.);
#1461=EDGE_CURVE('',#1144,#1139,#663,.T.);
#1462=EDGE_CURVE('',#1140,#1145,#664,.T.);
#1463=EDGE_CURVE('',#1146,#1145,#665,.T.);
#1464=EDGE_CURVE('',#1141,#1146,#666,.T.);
#1465=EDGE_CURVE('',#1147,#1101,#667,.T.);
#1466=EDGE_CURVE('',#1145,#1147,#162,.T.);
#1467=EDGE_CURVE('',#1100,#1148,#668,.T.);
#1468=EDGE_CURVE('',#1147,#1148,#669,.T.);
#1469=EDGE_CURVE('',#1139,#1149,#670,.T.);
#1470=EDGE_CURVE('',#1148,#1149,#163,.T.);
#1471=EDGE_CURVE('',#1150,#953,#164,.T.);
#1472=EDGE_CURVE('',#1150,#950,#671,.T.);
#1473=EDGE_CURVE('',#954,#1150,#672,.T.);
#1474=EDGE_CURVE('',#990,#1020,#673,.T.);
#1475=EDGE_CURVE('',#1062,#1016,#674,.T.);
#1476=EDGE_CURVE('',#1064,#1010,#675,.T.);
#1477=EDGE_CURVE('',#978,#1151,#676,.T.);
#1478=EDGE_CURVE('',#1151,#1152,#677,.T.);
#1479=EDGE_CURVE('',#1153,#1152,#678,.T.);
#1480=EDGE_CURVE('',#1154,#1153,#679,.T.);
#1481=EDGE_CURVE('',#1154,#1055,#680,.T.);
#1482=EDGE_CURVE('',#1155,#1155,#165,.T.);
#1483=EDGE_CURVE('',#1156,#1156,#166,.T.);
#1484=EDGE_CURVE('',#1157,#1157,#167,.T.);
#1485=EDGE_CURVE('',#1158,#1158,#168,.T.);
#1486=EDGE_CURVE('',#1159,#959,#681,.T.);
#1487=EDGE_CURVE('',#1151,#964,#169,.T.);
#1488=EDGE_CURVE('',#980,#1159,#170,.T.);
#1489=EDGE_CURVE('',#1160,#1160,#171,.T.);
#1490=EDGE_CURVE('',#1161,#1162,#682,.T.);
#1491=EDGE_CURVE('',#985,#1161,#172,.T.);
#1492=EDGE_CURVE('',#1162,#1154,#173,.T.);
#1493=EDGE_CURVE('',#1163,#1163,#174,.T.);
#1494=EDGE_CURVE('',#1164,#1164,#175,.T.);
#1495=EDGE_CURVE('',#1158,#1163,#683,.T.);
#1496=EDGE_CURVE('',#1157,#970,#684,.T.);
#1497=EDGE_CURVE('',#1156,#1164,#685,.T.);
#1498=EDGE_CURVE('',#1155,#1160,#686,.T.);
#1499=EDGE_CURVE('',#965,#1060,#687,.T.);
#1500=EDGE_CURVE('',#966,#1059,#688,.T.);
#1501=EDGE_CURVE('',#1159,#1056,#689,.T.);
#1502=EDGE_CURVE('',#1152,#963,#176,.T.);
#1503=EDGE_CURVE('',#1165,#1153,#177,.T.);
#1504=EDGE_CURVE('',#1162,#1165,#690,.T.);
#1505=EDGE_CURVE('',#1166,#1165,#691,.T.);
#1506=EDGE_CURVE('',#1161,#1166,#692,.T.);
#1507=EDGE_CURVE('',#986,#1166,#178,.T.);
#1508=EDGE_CURVE('',#962,#987,#179,.T.);
#1509=EDGE_CURVE('',#1167,#1146,#180,.T.);
#1510=EDGE_CURVE('',#1142,#1167,#693,.T.);
#1511=EDGE_CURVE('',#1168,#1167,#694,.T.);
#1512=EDGE_CURVE('',#1143,#1168,#695,.T.);
#1513=EDGE_CURVE('',#1169,#1168,#181,.T.);
#1514=EDGE_CURVE('',#1144,#1169,#696,.T.);
#1515=EDGE_CURVE('',#1149,#1169,#697,.T.);
#1516=ORIENTED_EDGE('',*,*,#1170,.F.);
#1517=ORIENTED_EDGE('',*,*,#1171,.F.);
#1518=ORIENTED_EDGE('',*,*,#1172,.F.);
#1519=ORIENTED_EDGE('',*,*,#1173,.T.);
#1520=ORIENTED_EDGE('',*,*,#1174,.T.);
#1521=ORIENTED_EDGE('',*,*,#1175,.T.);
#1522=ORIENTED_EDGE('',*,*,#1170,.T.);
#1523=ORIENTED_EDGE('',*,*,#1176,.T.);
#1524=ORIENTED_EDGE('',*,*,#1177,.F.);
#1525=ORIENTED_EDGE('',*,*,#1178,.F.);
#1526=ORIENTED_EDGE('',*,*,#1179,.F.);
#1527=ORIENTED_EDGE('',*,*,#1180,.F.);
#1528=ORIENTED_EDGE('',*,*,#1177,.T.);
#1529=ORIENTED_EDGE('',*,*,#1181,.F.);
#1530=ORIENTED_EDGE('',*,*,#1182,.F.);
#1531=ORIENTED_EDGE('',*,*,#1183,.T.);
#1532=ORIENTED_EDGE('',*,*,#1180,.T.);
#1533=ORIENTED_EDGE('',*,*,#1184,.F.);
#1534=ORIENTED_EDGE('',*,*,#1185,.F.);
#1535=ORIENTED_EDGE('',*,*,#1181,.T.);
#1536=ORIENTED_EDGE('',*,*,#1186,.T.);
#1537=ORIENTED_EDGE('',*,*,#1187,.F.);
#1538=ORIENTED_EDGE('',*,*,#1188,.F.);
#1539=ORIENTED_EDGE('',*,*,#1189,.F.);
#1540=ORIENTED_EDGE('',*,*,#1190,.T.);
#1541=ORIENTED_EDGE('',*,*,#1172,.T.);
#1542=ORIENTED_EDGE('',*,*,#1191,.T.);
#1543=ORIENTED_EDGE('',*,*,#1192,.T.);
#1544=ORIENTED_EDGE('',*,*,#1193,.T.);
#1545=ORIENTED_EDGE('',*,*,#1194,.F.);
#1546=ORIENTED_EDGE('',*,*,#1195,.F.);
#1547=ORIENTED_EDGE('',*,*,#1196,.T.);
#1548=ORIENTED_EDGE('',*,*,#1197,.T.);
#1549=ORIENTED_EDGE('',*,*,#1198,.T.);
#1550=ORIENTED_EDGE('',*,*,#1199,.T.);
#1551=ORIENTED_EDGE('',*,*,#1200,.F.);
#1552=ORIENTED_EDGE('',*,*,#1201,.F.);
#1553=ORIENTED_EDGE('',*,*,#1202,.F.);
#1554=ORIENTED_EDGE('',*,*,#1192,.F.);
#1555=ORIENTED_EDGE('',*,*,#1203,.T.);
#1556=ORIENTED_EDGE('',*,*,#1204,.T.);
#1557=ORIENTED_EDGE('',*,*,#1189,.T.);
#1558=ORIENTED_EDGE('',*,*,#1205,.F.);
#1559=ORIENTED_EDGE('',*,*,#1206,.T.);
#1560=ORIENTED_EDGE('',*,*,#1207,.F.);
#1561=ORIENTED_EDGE('',*,*,#1208,.F.);
#1562=ORIENTED_EDGE('',*,*,#1186,.F.);
#1563=ORIENTED_EDGE('',*,*,#1204,.F.);
#1564=ORIENTED_EDGE('',*,*,#1209,.T.);
#1565=ORIENTED_EDGE('',*,*,#1174,.F.);
#1566=ORIENTED_EDGE('',*,*,#1208,.T.);
#1567=ORIENTED_EDGE('',*,*,#1210,.T.);
#1568=ORIENTED_EDGE('',*,*,#1211,.F.);
#1569=ORIENTED_EDGE('',*,*,#1187,.T.);
#1570=ORIENTED_EDGE('',*,*,#1212,.F.);
#1571=ORIENTED_EDGE('',*,*,#1213,.T.);
#1572=ORIENTED_EDGE('',*,*,#1214,.T.);
#1573=ORIENTED_EDGE('',*,*,#1215,.T.);
#1574=ORIENTED_EDGE('',*,*,#1213,.F.);
#1575=ORIENTED_EDGE('',*,*,#1216,.F.);
#1576=ORIENTED_EDGE('',*,*,#1217,.F.);
#1577=ORIENTED_EDGE('',*,*,#1218,.F.);
#1578=ORIENTED_EDGE('',*,*,#1219,.F.);
#1579=ORIENTED_EDGE('',*,*,#1220,.T.);
#1580=ORIENTED_EDGE('',*,*,#1200,.T.);
#1581=ORIENTED_EDGE('',*,*,#1221,.T.);
#1582=ORIENTED_EDGE('',*,*,#1201,.T.);
#1583=ORIENTED_EDGE('',*,*,#1220,.F.);
#1584=ORIENTED_EDGE('',*,*,#1222,.F.);
#1585=ORIENTED_EDGE('',*,*,#1223,.F.);
#1586=ORIENTED_EDGE('',*,*,#1224,.T.);
#1587=ORIENTED_EDGE('',*,*,#1225,.T.);
#1588=ORIENTED_EDGE('',*,*,#1226,.F.);
#1589=ORIENTED_EDGE('',*,*,#1227,.F.);
#1590=ORIENTED_EDGE('',*,*,#1228,.F.);
#1591=ORIENTED_EDGE('',*,*,#1229,.T.);
#1592=ORIENTED_EDGE('',*,*,#1230,.T.);
#1593=ORIENTED_EDGE('',*,*,#1231,.T.);
#1594=ORIENTED_EDGE('',*,*,#1228,.T.);
#1595=ORIENTED_EDGE('',*,*,#1232,.T.);
#1596=ORIENTED_EDGE('',*,*,#1233,.T.);
#1597=ORIENTED_EDGE('',*,*,#1234,.T.);
#1598=ORIENTED_EDGE('',*,*,#1235,.T.);
#1599=ORIENTED_EDGE('',*,*,#1236,.T.);
#1600=ORIENTED_EDGE('',*,*,#1237,.T.);
#1601=ORIENTED_EDGE('',*,*,#1238,.T.);
#1602=ORIENTED_EDGE('',*,*,#1239,.T.);
#1603=ORIENTED_EDGE('',*,*,#1240,.T.);
#1604=ORIENTED_EDGE('',*,*,#1241,.T.);
#1605=ORIENTED_EDGE('',*,*,#1242,.T.);
#1606=ORIENTED_EDGE('',*,*,#1231,.F.);
#1607=ORIENTED_EDGE('',*,*,#1243,.F.);
#1608=ORIENTED_EDGE('',*,*,#1244,.F.);
#1609=ORIENTED_EDGE('',*,*,#1245,.F.);
#1610=ORIENTED_EDGE('',*,*,#1246,.F.);
#1611=ORIENTED_EDGE('',*,*,#1247,.T.);
#1612=ORIENTED_EDGE('',*,*,#1248,.F.);
#1613=ORIENTED_EDGE('',*,*,#1232,.F.);
#1614=ORIENTED_EDGE('',*,*,#1249,.F.);
#1615=ORIENTED_EDGE('',*,*,#1250,.T.);
#1616=ORIENTED_EDGE('',*,*,#1251,.T.);
#1617=ORIENTED_EDGE('',*,*,#1252,.T.);
#1618=ORIENTED_EDGE('',*,*,#1250,.F.);
#1619=ORIENTED_EDGE('',*,*,#1253,.F.);
#1620=ORIENTED_EDGE('',*,*,#1254,.F.);
#1621=ORIENTED_EDGE('',*,*,#1255,.F.);
#1622=ORIENTED_EDGE('',*,*,#1256,.F.);
#1623=ORIENTED_EDGE('',*,*,#1257,.T.);
#1624=ORIENTED_EDGE('',*,*,#1258,.T.);
#1625=ORIENTED_EDGE('',*,*,#1259,.T.);
#1626=ORIENTED_EDGE('',*,*,#1257,.F.);
#1627=ORIENTED_EDGE('',*,*,#1260,.F.);
#1628=ORIENTED_EDGE('',*,*,#1261,.F.);
#1629=ORIENTED_EDGE('',*,*,#1262,.F.);
#1630=ORIENTED_EDGE('',*,*,#1241,.F.);
#1631=ORIENTED_EDGE('',*,*,#1263,.T.);
#1632=ORIENTED_EDGE('',*,*,#1264,.T.);
#1633=ORIENTED_EDGE('',*,*,#1265,.T.);
#1634=ORIENTED_EDGE('',*,*,#1263,.F.);
#1635=ORIENTED_EDGE('',*,*,#1240,.F.);
#1636=ORIENTED_EDGE('',*,*,#1266,.F.);
#1637=ORIENTED_EDGE('',*,*,#1267,.T.);
#1638=ORIENTED_EDGE('',*,*,#1268,.F.);
#1639=ORIENTED_EDGE('',*,*,#1269,.F.);
#1640=ORIENTED_EDGE('',*,*,#1270,.F.);
#1641=ORIENTED_EDGE('',*,*,#1271,.F.);
#1642=ORIENTED_EDGE('',*,*,#1272,.F.);
#1643=ORIENTED_EDGE('',*,*,#1273,.T.);
#1644=ORIENTED_EDGE('',*,*,#1274,.T.);
#1645=ORIENTED_EDGE('',*,*,#1254,.T.);
#1646=ORIENTED_EDGE('',*,*,#1273,.F.);
#1647=ORIENTED_EDGE('',*,*,#1275,.F.);
#1648=ORIENTED_EDGE('',*,*,#1276,.F.);
#1649=ORIENTED_EDGE('',*,*,#1277,.F.);
#1650=ORIENTED_EDGE('',*,*,#1278,.F.);
#1651=ORIENTED_EDGE('',*,*,#1279,.T.);
#1652=ORIENTED_EDGE('',*,*,#1280,.T.);
#1653=ORIENTED_EDGE('',*,*,#1261,.T.);
#1654=ORIENTED_EDGE('',*,*,#1279,.F.);
#1655=ORIENTED_EDGE('',*,*,#1281,.F.);
#1656=ORIENTED_EDGE('',*,*,#1282,.F.);
#1657=ORIENTED_EDGE('',*,*,#1283,.F.);
#1658=ORIENTED_EDGE('',*,*,#1284,.F.);
#1659=ORIENTED_EDGE('',*,*,#1285,.T.);
#1660=ORIENTED_EDGE('',*,*,#1286,.T.);
#1661=ORIENTED_EDGE('',*,*,#1223,.T.);
#1662=ORIENTED_EDGE('',*,*,#1285,.F.);
#1663=ORIENTED_EDGE('',*,*,#1287,.F.);
#1664=ORIENTED_EDGE('',*,*,#1288,.F.);
#1665=ORIENTED_EDGE('',*,*,#1289,.T.);
#1666=ORIENTED_EDGE('',*,*,#1290,.F.);
#1667=ORIENTED_EDGE('',*,*,#1291,.F.);
#1668=ORIENTED_EDGE('',*,*,#1292,.F.);
#1669=ORIENTED_EDGE('',*,*,#1293,.F.);
#1670=ORIENTED_EDGE('',*,*,#1294,.F.);
#1671=ORIENTED_EDGE('',*,*,#1295,.T.);
#1672=ORIENTED_EDGE('',*,*,#1296,.T.);
#1673=ORIENTED_EDGE('',*,*,#1282,.T.);
#1674=ORIENTED_EDGE('',*,*,#1295,.F.);
#1675=ORIENTED_EDGE('',*,*,#1297,.F.);
#1676=ORIENTED_EDGE('',*,*,#1298,.F.);
#1677=ORIENTED_EDGE('',*,*,#1299,.F.);
#1678=ORIENTED_EDGE('',*,*,#1300,.F.);
#1679=ORIENTED_EDGE('',*,*,#1301,.T.);
#1680=ORIENTED_EDGE('',*,*,#1302,.T.);
#1681=ORIENTED_EDGE('',*,*,#1276,.T.);
#1682=ORIENTED_EDGE('',*,*,#1301,.F.);
#1683=ORIENTED_EDGE('',*,*,#1303,.F.);
#1684=ORIENTED_EDGE('',*,*,#1304,.F.);
#1685=ORIENTED_EDGE('',*,*,#1305,.F.);
#1686=ORIENTED_EDGE('',*,*,#1306,.F.);
#1687=ORIENTED_EDGE('',*,*,#1307,.T.);
#1688=ORIENTED_EDGE('',*,*,#1308,.T.);
#1689=ORIENTED_EDGE('',*,*,#1270,.T.);
#1690=ORIENTED_EDGE('',*,*,#1307,.F.);
#1691=ORIENTED_EDGE('',*,*,#1309,.F.);
#1692=ORIENTED_EDGE('',*,*,#1310,.F.);
#1693=ORIENTED_EDGE('',*,*,#1311,.F.);
#1694=ORIENTED_EDGE('',*,*,#1312,.F.);
#1695=ORIENTED_EDGE('',*,*,#1313,.T.);
#1696=ORIENTED_EDGE('',*,*,#1314,.T.);
#1697=ORIENTED_EDGE('',*,*,#1292,.T.);
#1698=ORIENTED_EDGE('',*,*,#1205,.T.);
#1699=ORIENTED_EDGE('',*,*,#1188,.T.);
#1700=ORIENTED_EDGE('',*,*,#1211,.T.);
#1701=ORIENTED_EDGE('',*,*,#1315,.T.);
#1702=ORIENTED_EDGE('',*,*,#1316,.T.);
#1703=ORIENTED_EDGE('',*,*,#1216,.T.);
#1704=ORIENTED_EDGE('',*,*,#1212,.T.);
#1705=ORIENTED_EDGE('',*,*,#1317,.T.);
#1706=ORIENTED_EDGE('',*,*,#1312,.T.);
#1707=ORIENTED_EDGE('',*,*,#1291,.T.);
#1708=ORIENTED_EDGE('',*,*,#1318,.T.);
#1709=ORIENTED_EDGE('',*,*,#1319,.T.);
#1710=ORIENTED_EDGE('',*,*,#1320,.T.);
#1711=ORIENTED_EDGE('',*,*,#1287,.T.);
#1712=ORIENTED_EDGE('',*,*,#1284,.T.);
#1713=ORIENTED_EDGE('',*,*,#1222,.T.);
#1714=ORIENTED_EDGE('',*,*,#1219,.T.);
#1715=ORIENTED_EDGE('',*,*,#1321,.T.);
#1716=ORIENTED_EDGE('',*,*,#1322,.T.);
#1717=ORIENTED_EDGE('',*,*,#1323,.T.);
#1718=ORIENTED_EDGE('',*,*,#1324,.F.);
#1719=ORIENTED_EDGE('',*,*,#1325,.T.);
#1720=ORIENTED_EDGE('',*,*,#1326,.T.);
#1721=ORIENTED_EDGE('',*,*,#1298,.T.);
#1722=ORIENTED_EDGE('',*,*,#1256,.T.);
#1723=ORIENTED_EDGE('',*,*,#1327,.T.);
#1724=ORIENTED_EDGE('',*,*,#1324,.T.);
#1725=ORIENTED_EDGE('',*,*,#1297,.T.);
#1726=ORIENTED_EDGE('',*,*,#1294,.T.);
#1727=ORIENTED_EDGE('',*,*,#1281,.T.);
#1728=ORIENTED_EDGE('',*,*,#1278,.T.);
#1729=ORIENTED_EDGE('',*,*,#1260,.T.);
#1730=ORIENTED_EDGE('',*,*,#1328,.F.);
#1731=ORIENTED_EDGE('',*,*,#1329,.T.);
#1732=ORIENTED_EDGE('',*,*,#1330,.T.);
#1733=ORIENTED_EDGE('',*,*,#1304,.T.);
#1734=ORIENTED_EDGE('',*,*,#1249,.T.);
#1735=ORIENTED_EDGE('',*,*,#1331,.T.);
#1736=ORIENTED_EDGE('',*,*,#1328,.T.);
#1737=ORIENTED_EDGE('',*,*,#1303,.T.);
#1738=ORIENTED_EDGE('',*,*,#1300,.T.);
#1739=ORIENTED_EDGE('',*,*,#1275,.T.);
#1740=ORIENTED_EDGE('',*,*,#1272,.T.);
#1741=ORIENTED_EDGE('',*,*,#1253,.T.);
#1742=ORIENTED_EDGE('',*,*,#1332,.F.);
#1743=ORIENTED_EDGE('',*,*,#1244,.T.);
#1744=ORIENTED_EDGE('',*,*,#1333,.T.);
#1745=ORIENTED_EDGE('',*,*,#1310,.T.);
#1746=ORIENTED_EDGE('',*,*,#1318,.F.);
#1747=ORIENTED_EDGE('',*,*,#1290,.T.);
#1748=ORIENTED_EDGE('',*,*,#1334,.T.);
#1749=ORIENTED_EDGE('',*,*,#1335,.T.);
#1750=ORIENTED_EDGE('',*,*,#1335,.F.);
#1751=ORIENTED_EDGE('',*,*,#1336,.F.);
#1752=ORIENTED_EDGE('',*,*,#1337,.F.);
#1753=ORIENTED_EDGE('',*,*,#1319,.F.);
#1754=ORIENTED_EDGE('',*,*,#1320,.F.);
#1755=ORIENTED_EDGE('',*,*,#1337,.T.);
#1756=ORIENTED_EDGE('',*,*,#1338,.T.);
#1757=ORIENTED_EDGE('',*,*,#1288,.T.);
#1758=ORIENTED_EDGE('',*,*,#1237,.F.);
#1759=ORIENTED_EDGE('',*,*,#1339,.T.);
#1760=ORIENTED_EDGE('',*,*,#1340,.T.);
#1761=ORIENTED_EDGE('',*,*,#1341,.T.);
#1762=ORIENTED_EDGE('',*,*,#1339,.F.);
#1763=ORIENTED_EDGE('',*,*,#1236,.F.);
#1764=ORIENTED_EDGE('',*,*,#1342,.F.);
#1765=ORIENTED_EDGE('',*,*,#1343,.F.);
#1766=ORIENTED_EDGE('',*,*,#1233,.F.);
#1767=ORIENTED_EDGE('',*,*,#1248,.T.);
#1768=ORIENTED_EDGE('',*,*,#1344,.T.);
#1769=ORIENTED_EDGE('',*,*,#1345,.T.);
#1770=ORIENTED_EDGE('',*,*,#1345,.F.);
#1771=ORIENTED_EDGE('',*,*,#1346,.T.);
#1772=ORIENTED_EDGE('',*,*,#1347,.F.);
#1773=ORIENTED_EDGE('',*,*,#1234,.F.);
#1774=ORIENTED_EDGE('',*,*,#1348,.F.);
#1775=ORIENTED_EDGE('',*,*,#1349,.T.);
#1776=ORIENTED_EDGE('',*,*,#1350,.T.);
#1777=ORIENTED_EDGE('',*,*,#1351,.T.);
#1778=ORIENTED_EDGE('',*,*,#1306,.T.);
#1779=ORIENTED_EDGE('',*,*,#1269,.T.);
#1780=ORIENTED_EDGE('',*,*,#1352,.T.);
#1781=ORIENTED_EDGE('',*,*,#1353,.T.);
#1782=ORIENTED_EDGE('',*,*,#1348,.T.);
#1783=ORIENTED_EDGE('',*,*,#1354,.T.);
#1784=ORIENTED_EDGE('',*,*,#1355,.T.);
#1785=ORIENTED_EDGE('',*,*,#1356,.T.);
#1786=ORIENTED_EDGE('',*,*,#1357,.T.);
#1787=ORIENTED_EDGE('',*,*,#1245,.T.);
#1788=ORIENTED_EDGE('',*,*,#1332,.T.);
#1789=ORIENTED_EDGE('',*,*,#1309,.T.);
#1790=ORIENTED_EDGE('',*,*,#1351,.F.);
#1791=ORIENTED_EDGE('',*,*,#1358,.F.);
#1792=ORIENTED_EDGE('',*,*,#1359,.F.);
#1793=ORIENTED_EDGE('',*,*,#1354,.F.);
#1794=ORIENTED_EDGE('',*,*,#1357,.F.);
#1795=ORIENTED_EDGE('',*,*,#1360,.T.);
#1796=ORIENTED_EDGE('',*,*,#1361,.T.);
#1797=ORIENTED_EDGE('',*,*,#1246,.T.);
#1798=ORIENTED_EDGE('',*,*,#1360,.F.);
#1799=ORIENTED_EDGE('',*,*,#1356,.F.);
#1800=ORIENTED_EDGE('',*,*,#1362,.F.);
#1801=ORIENTED_EDGE('',*,*,#1363,.T.);
#1802=ORIENTED_EDGE('',*,*,#1355,.F.);
#1803=ORIENTED_EDGE('',*,*,#1359,.T.);
#1804=ORIENTED_EDGE('',*,*,#1364,.T.);
#1805=ORIENTED_EDGE('',*,*,#1362,.T.);
#1806=ORIENTED_EDGE('',*,*,#1352,.F.);
#1807=ORIENTED_EDGE('',*,*,#1268,.T.);
#1808=ORIENTED_EDGE('',*,*,#1365,.T.);
#1809=ORIENTED_EDGE('',*,*,#1366,.T.);
#1810=ORIENTED_EDGE('',*,*,#1349,.F.);
#1811=ORIENTED_EDGE('',*,*,#1353,.F.);
#1812=ORIENTED_EDGE('',*,*,#1366,.F.);
#1813=ORIENTED_EDGE('',*,*,#1367,.T.);
#1814=ORIENTED_EDGE('',*,*,#1235,.F.);
#1815=ORIENTED_EDGE('',*,*,#1347,.T.);
#1816=ORIENTED_EDGE('',*,*,#1368,.T.);
#1817=ORIENTED_EDGE('',*,*,#1342,.T.);
#1818=ORIENTED_EDGE('',*,*,#1239,.F.);
#1819=ORIENTED_EDGE('',*,*,#1369,.T.);
#1820=ORIENTED_EDGE('',*,*,#1370,.T.);
#1821=ORIENTED_EDGE('',*,*,#1266,.T.);
#1822=ORIENTED_EDGE('',*,*,#1341,.F.);
#1823=ORIENTED_EDGE('',*,*,#1371,.T.);
#1824=ORIENTED_EDGE('',*,*,#1369,.F.);
#1825=ORIENTED_EDGE('',*,*,#1238,.F.);
#1826=ORIENTED_EDGE('',*,*,#1372,.F.);
#1827=ORIENTED_EDGE('',*,*,#1373,.F.);
#1828=ORIENTED_EDGE('',*,*,#1374,.F.);
#1829=ORIENTED_EDGE('',*,*,#1375,.F.);
#1830=ORIENTED_EDGE('',*,*,#1376,.F.);
#1831=ORIENTED_EDGE('',*,*,#1377,.F.);
#1832=ORIENTED_EDGE('',*,*,#1378,.F.);
#1833=ORIENTED_EDGE('',*,*,#1379,.F.);
#1834=ORIENTED_EDGE('',*,*,#1380,.T.);
#1835=ORIENTED_EDGE('',*,*,#1374,.T.);
#1836=ORIENTED_EDGE('',*,*,#1381,.T.);
#1837=ORIENTED_EDGE('',*,*,#1382,.T.);
#1838=ORIENTED_EDGE('',*,*,#1383,.T.);
#1839=ORIENTED_EDGE('',*,*,#1384,.T.);
#1840=ORIENTED_EDGE('',*,*,#1385,.T.);
#1841=ORIENTED_EDGE('',*,*,#1386,.T.);
#1842=ORIENTED_EDGE('',*,*,#1387,.F.);
#1843=ORIENTED_EDGE('',*,*,#1388,.T.);
#1844=ORIENTED_EDGE('',*,*,#1389,.T.);
#1845=ORIENTED_EDGE('',*,*,#1390,.T.);
#1846=ORIENTED_EDGE('',*,*,#1391,.T.);
#1847=ORIENTED_EDGE('',*,*,#1392,.T.);
#1848=ORIENTED_EDGE('',*,*,#1393,.T.);
#1849=ORIENTED_EDGE('',*,*,#1394,.T.);
#1850=ORIENTED_EDGE('',*,*,#1395,.T.);
#1851=ORIENTED_EDGE('',*,*,#1378,.T.);
#1852=ORIENTED_EDGE('',*,*,#1396,.T.);
#1853=ORIENTED_EDGE('',*,*,#1397,.T.);
#1854=ORIENTED_EDGE('',*,*,#1398,.T.);
#1855=ORIENTED_EDGE('',*,*,#1399,.T.);
#1856=ORIENTED_EDGE('',*,*,#1400,.T.);
#1857=ORIENTED_EDGE('',*,*,#1401,.T.);
#1858=ORIENTED_EDGE('',*,*,#1392,.F.);
#1859=ORIENTED_EDGE('',*,*,#1402,.F.);
#1860=ORIENTED_EDGE('',*,*,#1403,.F.);
#1861=ORIENTED_EDGE('',*,*,#1404,.F.);
#1862=ORIENTED_EDGE('',*,*,#1393,.F.);
#1863=ORIENTED_EDGE('',*,*,#1404,.T.);
#1864=ORIENTED_EDGE('',*,*,#1405,.F.);
#1865=ORIENTED_EDGE('',*,*,#1406,.F.);
#1866=ORIENTED_EDGE('',*,*,#1391,.F.);
#1867=ORIENTED_EDGE('',*,*,#1407,.F.);
#1868=ORIENTED_EDGE('',*,*,#1408,.F.);
#1869=ORIENTED_EDGE('',*,*,#1402,.T.);
#1870=ORIENTED_EDGE('',*,*,#1381,.F.);
#1871=ORIENTED_EDGE('',*,*,#1373,.T.);
#1872=ORIENTED_EDGE('',*,*,#1409,.F.);
#1873=ORIENTED_EDGE('',*,*,#1410,.F.);
#1874=ORIENTED_EDGE('',*,*,#1380,.F.);
#1875=ORIENTED_EDGE('',*,*,#1411,.F.);
#1876=ORIENTED_EDGE('',*,*,#1412,.F.);
#1877=ORIENTED_EDGE('',*,*,#1375,.T.);
#1878=ORIENTED_EDGE('',*,*,#1399,.F.);
#1879=ORIENTED_EDGE('',*,*,#1413,.F.);
#1880=ORIENTED_EDGE('',*,*,#1414,.F.);
#1881=ORIENTED_EDGE('',*,*,#1415,.F.);
#1882=ORIENTED_EDGE('',*,*,#1400,.F.);
#1883=ORIENTED_EDGE('',*,*,#1415,.T.);
#1884=ORIENTED_EDGE('',*,*,#1416,.F.);
#1885=ORIENTED_EDGE('',*,*,#1417,.F.);
#1886=ORIENTED_EDGE('',*,*,#1398,.F.);
#1887=ORIENTED_EDGE('',*,*,#1418,.F.);
#1888=ORIENTED_EDGE('',*,*,#1419,.F.);
#1889=ORIENTED_EDGE('',*,*,#1413,.T.);
#1890=ORIENTED_EDGE('',*,*,#1384,.F.);
#1891=ORIENTED_EDGE('',*,*,#1420,.F.);
#1892=ORIENTED_EDGE('',*,*,#1421,.F.);
#1893=ORIENTED_EDGE('',*,*,#1422,.F.);
#1894=ORIENTED_EDGE('',*,*,#1385,.F.);
#1895=ORIENTED_EDGE('',*,*,#1422,.T.);
#1896=ORIENTED_EDGE('',*,*,#1423,.F.);
#1897=ORIENTED_EDGE('',*,*,#1424,.F.);
#1898=ORIENTED_EDGE('',*,*,#1383,.F.);
#1899=ORIENTED_EDGE('',*,*,#1425,.F.);
#1900=ORIENTED_EDGE('',*,*,#1426,.F.);
#1901=ORIENTED_EDGE('',*,*,#1420,.T.);
#1902=ORIENTED_EDGE('',*,*,#1396,.F.);
#1903=ORIENTED_EDGE('',*,*,#1377,.T.);
#1904=ORIENTED_EDGE('',*,*,#1427,.F.);
#1905=ORIENTED_EDGE('',*,*,#1428,.F.);
#1906=ORIENTED_EDGE('',*,*,#1395,.F.);
#1907=ORIENTED_EDGE('',*,*,#1429,.F.);
#1908=ORIENTED_EDGE('',*,*,#1430,.F.);
#1909=ORIENTED_EDGE('',*,*,#1379,.T.);
#1910=ORIENTED_EDGE('',*,*,#1424,.T.);
#1911=ORIENTED_EDGE('',*,*,#1431,.F.);
#1912=ORIENTED_EDGE('',*,*,#1432,.F.);
#1913=ORIENTED_EDGE('',*,*,#1433,.F.);
#1914=ORIENTED_EDGE('',*,*,#1434,.F.);
#1915=ORIENTED_EDGE('',*,*,#1386,.F.);
#1916=ORIENTED_EDGE('',*,*,#1406,.T.);
#1917=ORIENTED_EDGE('',*,*,#1435,.F.);
#1918=ORIENTED_EDGE('',*,*,#1429,.T.);
#1919=ORIENTED_EDGE('',*,*,#1394,.F.);
#1920=ORIENTED_EDGE('',*,*,#1436,.T.);
#1921=ORIENTED_EDGE('',*,*,#1410,.T.);
#1922=ORIENTED_EDGE('',*,*,#1437,.F.);
#1923=ORIENTED_EDGE('',*,*,#1425,.T.);
#1924=ORIENTED_EDGE('',*,*,#1382,.F.);
#1925=ORIENTED_EDGE('',*,*,#1438,.T.);
#1926=ORIENTED_EDGE('',*,*,#1418,.T.);
#1927=ORIENTED_EDGE('',*,*,#1397,.F.);
#1928=ORIENTED_EDGE('',*,*,#1428,.T.);
#1929=ORIENTED_EDGE('',*,*,#1439,.F.);
#1930=ORIENTED_EDGE('',*,*,#1411,.T.);
#1931=ORIENTED_EDGE('',*,*,#1401,.F.);
#1932=ORIENTED_EDGE('',*,*,#1417,.T.);
#1933=ORIENTED_EDGE('',*,*,#1440,.F.);
#1934=ORIENTED_EDGE('',*,*,#1407,.T.);
#1935=ORIENTED_EDGE('',*,*,#1390,.F.);
#1936=ORIENTED_EDGE('',*,*,#1441,.F.);
#1937=ORIENTED_EDGE('',*,*,#1442,.F.);
#1938=ORIENTED_EDGE('',*,*,#1443,.F.);
#1939=ORIENTED_EDGE('',*,*,#1444,.F.);
#1940=ORIENTED_EDGE('',*,*,#1438,.F.);
#1941=ORIENTED_EDGE('',*,*,#1445,.T.);
#1942=ORIENTED_EDGE('',*,*,#1446,.T.);
#1943=ORIENTED_EDGE('',*,*,#1445,.F.);
#1944=ORIENTED_EDGE('',*,*,#1446,.F.);
#1945=ORIENTED_EDGE('',*,*,#1436,.F.);
#1946=ORIENTED_EDGE('',*,*,#1447,.T.);
#1947=ORIENTED_EDGE('',*,*,#1448,.T.);
#1948=ORIENTED_EDGE('',*,*,#1447,.F.);
#1949=ORIENTED_EDGE('',*,*,#1448,.F.);
#1950=ORIENTED_EDGE('',*,*,#1289,.F.);
#1951=ORIENTED_EDGE('',*,*,#1338,.F.);
#1952=ORIENTED_EDGE('',*,*,#1336,.T.);
#1953=ORIENTED_EDGE('',*,*,#1334,.F.);
#1954=ORIENTED_EDGE('',*,*,#1358,.T.);
#1955=ORIENTED_EDGE('',*,*,#1350,.F.);
#1956=ORIENTED_EDGE('',*,*,#1367,.F.);
#1957=ORIENTED_EDGE('',*,*,#1365,.F.);
#1958=ORIENTED_EDGE('',*,*,#1267,.F.);
#1959=ORIENTED_EDGE('',*,*,#1370,.F.);
#1960=ORIENTED_EDGE('',*,*,#1371,.F.);
#1961=ORIENTED_EDGE('',*,*,#1340,.F.);
#1962=ORIENTED_EDGE('',*,*,#1343,.T.);
#1963=ORIENTED_EDGE('',*,*,#1368,.F.);
#1964=ORIENTED_EDGE('',*,*,#1346,.F.);
#1965=ORIENTED_EDGE('',*,*,#1344,.F.);
#1966=ORIENTED_EDGE('',*,*,#1247,.F.);
#1967=ORIENTED_EDGE('',*,*,#1361,.F.);
#1968=ORIENTED_EDGE('',*,*,#1363,.F.);
#1969=ORIENTED_EDGE('',*,*,#1364,.F.);
#1970=ORIENTED_EDGE('',*,*,#1387,.T.);
#1971=ORIENTED_EDGE('',*,*,#1434,.T.);
#1972=ORIENTED_EDGE('',*,*,#1449,.T.);
#1973=ORIENTED_EDGE('',*,*,#1450,.T.);
#1974=ORIENTED_EDGE('',*,*,#1451,.T.);
#1975=ORIENTED_EDGE('',*,*,#1441,.T.);
#1976=ORIENTED_EDGE('',*,*,#1389,.F.);
#1977=ORIENTED_EDGE('',*,*,#1452,.T.);
#1978=ORIENTED_EDGE('',*,*,#1453,.T.);
#1979=ORIENTED_EDGE('',*,*,#1442,.T.);
#1980=ORIENTED_EDGE('',*,*,#1451,.F.);
#1981=ORIENTED_EDGE('',*,*,#1454,.T.);
#1982=ORIENTED_EDGE('',*,*,#1455,.T.);
#1983=ORIENTED_EDGE('',*,*,#1443,.T.);
#1984=ORIENTED_EDGE('',*,*,#1453,.F.);
#1985=ORIENTED_EDGE('',*,*,#1456,.T.);
#1986=ORIENTED_EDGE('',*,*,#1412,.T.);
#1987=ORIENTED_EDGE('',*,*,#1440,.T.);
#1988=ORIENTED_EDGE('',*,*,#1416,.T.);
#1989=ORIENTED_EDGE('',*,*,#1414,.T.);
#1990=ORIENTED_EDGE('',*,*,#1419,.T.);
#1991=ORIENTED_EDGE('',*,*,#1439,.T.);
#1992=ORIENTED_EDGE('',*,*,#1427,.T.);
#1993=ORIENTED_EDGE('',*,*,#1376,.T.);
#1994=ORIENTED_EDGE('',*,*,#1430,.T.);
#1995=ORIENTED_EDGE('',*,*,#1435,.T.);
#1996=ORIENTED_EDGE('',*,*,#1405,.T.);
#1997=ORIENTED_EDGE('',*,*,#1403,.T.);
#1998=ORIENTED_EDGE('',*,*,#1408,.T.);
#1999=ORIENTED_EDGE('',*,*,#1444,.T.);
#2000=ORIENTED_EDGE('',*,*,#1455,.F.);
#2001=ORIENTED_EDGE('',*,*,#1457,.T.);
#2002=ORIENTED_EDGE('',*,*,#1458,.T.);
#2003=ORIENTED_EDGE('',*,*,#1431,.T.);
#2004=ORIENTED_EDGE('',*,*,#1423,.T.);
#2005=ORIENTED_EDGE('',*,*,#1421,.T.);
#2006=ORIENTED_EDGE('',*,*,#1426,.T.);
#2007=ORIENTED_EDGE('',*,*,#1437,.T.);
#2008=ORIENTED_EDGE('',*,*,#1409,.T.);
#2009=ORIENTED_EDGE('',*,*,#1372,.T.);
#2010=ORIENTED_EDGE('',*,*,#1459,.T.);
#2011=ORIENTED_EDGE('',*,*,#1432,.T.);
#2012=ORIENTED_EDGE('',*,*,#1458,.F.);
#2013=ORIENTED_EDGE('',*,*,#1460,.T.);
#2014=ORIENTED_EDGE('',*,*,#1449,.F.);
#2015=ORIENTED_EDGE('',*,*,#1433,.T.);
#2016=ORIENTED_EDGE('',*,*,#1459,.F.);
#2017=ORIENTED_EDGE('',*,*,#1461,.T.);
#2018=ORIENTED_EDGE('',*,*,#1454,.F.);
#2019=ORIENTED_EDGE('',*,*,#1462,.T.);
#2020=ORIENTED_EDGE('',*,*,#1463,.F.);
#2021=ORIENTED_EDGE('',*,*,#1464,.F.);
#2022=ORIENTED_EDGE('',*,*,#1452,.F.);
#2023=ORIENTED_EDGE('',*,*,#1465,.F.);
#2024=ORIENTED_EDGE('',*,*,#1466,.F.);
#2025=ORIENTED_EDGE('',*,*,#1462,.F.);
#2026=ORIENTED_EDGE('',*,*,#1388,.F.);
#2027=ORIENTED_EDGE('',*,*,#1467,.T.);
#2028=ORIENTED_EDGE('',*,*,#1468,.F.);
#2029=ORIENTED_EDGE('',*,*,#1465,.T.);
#2030=ORIENTED_EDGE('',*,*,#1450,.F.);
#2031=ORIENTED_EDGE('',*,*,#1469,.T.);
#2032=ORIENTED_EDGE('',*,*,#1470,.F.);
#2033=ORIENTED_EDGE('',*,*,#1467,.F.);
#2034=ORIENTED_EDGE('',*,*,#1178,.T.);
#2035=ORIENTED_EDGE('',*,*,#1183,.F.);
#2036=ORIENTED_EDGE('',*,*,#1471,.F.);
#2037=ORIENTED_EDGE('',*,*,#1472,.T.);
#2038=ORIENTED_EDGE('',*,*,#1179,.T.);
#2039=ORIENTED_EDGE('',*,*,#1472,.F.);
#2040=ORIENTED_EDGE('',*,*,#1473,.F.);
#2041=ORIENTED_EDGE('',*,*,#1184,.T.);
#2042=ORIENTED_EDGE('',*,*,#1229,.F.);
#2043=ORIENTED_EDGE('',*,*,#1242,.F.);
#2044=ORIENTED_EDGE('',*,*,#1265,.F.);
#2045=ORIENTED_EDGE('',*,*,#1474,.F.);
#2046=ORIENTED_EDGE('',*,*,#1259,.F.);
#2047=ORIENTED_EDGE('',*,*,#1475,.F.);
#2048=ORIENTED_EDGE('',*,*,#1325,.F.);
#2049=ORIENTED_EDGE('',*,*,#1327,.F.);
#2050=ORIENTED_EDGE('',*,*,#1252,.F.);
#2051=ORIENTED_EDGE('',*,*,#1476,.F.);
#2052=ORIENTED_EDGE('',*,*,#1329,.F.);
#2053=ORIENTED_EDGE('',*,*,#1331,.F.);
#2054=ORIENTED_EDGE('',*,*,#1477,.T.);
#2055=ORIENTED_EDGE('',*,*,#1478,.T.);
#2056=ORIENTED_EDGE('',*,*,#1479,.F.);
#2057=ORIENTED_EDGE('',*,*,#1480,.F.);
#2058=ORIENTED_EDGE('',*,*,#1481,.T.);
#2059=ORIENTED_EDGE('',*,*,#1313,.F.);
#2060=ORIENTED_EDGE('',*,*,#1317,.F.);
#2061=ORIENTED_EDGE('',*,*,#1215,.F.);
#2062=ORIENTED_EDGE('',*,*,#1482,.T.);
#2063=ORIENTED_EDGE('',*,*,#1483,.T.);
#2064=ORIENTED_EDGE('',*,*,#1484,.T.);
#2065=ORIENTED_EDGE('',*,*,#1485,.T.);
#2066=ORIENTED_EDGE('',*,*,#1486,.T.);
#2067=ORIENTED_EDGE('',*,*,#1196,.F.);
#2068=ORIENTED_EDGE('',*,*,#1487,.F.);
#2069=ORIENTED_EDGE('',*,*,#1477,.F.);
#2070=ORIENTED_EDGE('',*,*,#1214,.F.);
#2071=ORIENTED_EDGE('',*,*,#1218,.T.);
#2072=ORIENTED_EDGE('',*,*,#1488,.T.);
#2073=ORIENTED_EDGE('',*,*,#1489,.T.);
#2074=ORIENTED_EDGE('',*,*,#1490,.F.);
#2075=ORIENTED_EDGE('',*,*,#1491,.F.);
#2076=ORIENTED_EDGE('',*,*,#1224,.F.);
#2077=ORIENTED_EDGE('',*,*,#1286,.F.);
#2078=ORIENTED_EDGE('',*,*,#1293,.T.);
#2079=ORIENTED_EDGE('',*,*,#1314,.F.);
#2080=ORIENTED_EDGE('',*,*,#1481,.F.);
#2081=ORIENTED_EDGE('',*,*,#1492,.F.);
#2082=ORIENTED_EDGE('',*,*,#1493,.T.);
#2083=ORIENTED_EDGE('',*,*,#1277,.T.);
#2084=ORIENTED_EDGE('',*,*,#1302,.F.);
#2085=ORIENTED_EDGE('',*,*,#1305,.T.);
#2086=ORIENTED_EDGE('',*,*,#1330,.F.);
#2087=ORIENTED_EDGE('',*,*,#1476,.T.);
#2088=ORIENTED_EDGE('',*,*,#1251,.F.);
#2089=ORIENTED_EDGE('',*,*,#1255,.T.);
#2090=ORIENTED_EDGE('',*,*,#1274,.F.);
#2091=ORIENTED_EDGE('',*,*,#1262,.T.);
#2092=ORIENTED_EDGE('',*,*,#1280,.F.);
#2093=ORIENTED_EDGE('',*,*,#1283,.T.);
#2094=ORIENTED_EDGE('',*,*,#1296,.F.);
#2095=ORIENTED_EDGE('',*,*,#1299,.T.);
#2096=ORIENTED_EDGE('',*,*,#1326,.F.);
#2097=ORIENTED_EDGE('',*,*,#1475,.T.);
#2098=ORIENTED_EDGE('',*,*,#1258,.F.);
#2099=ORIENTED_EDGE('',*,*,#1271,.T.);
#2100=ORIENTED_EDGE('',*,*,#1308,.F.);
#2101=ORIENTED_EDGE('',*,*,#1311,.T.);
#2102=ORIENTED_EDGE('',*,*,#1333,.F.);
#2103=ORIENTED_EDGE('',*,*,#1243,.T.);
#2104=ORIENTED_EDGE('',*,*,#1230,.F.);
#2105=ORIENTED_EDGE('',*,*,#1474,.T.);
#2106=ORIENTED_EDGE('',*,*,#1264,.F.);
#2107=ORIENTED_EDGE('',*,*,#1494,.T.);
#2108=ORIENTED_EDGE('',*,*,#1485,.F.);
#2109=ORIENTED_EDGE('',*,*,#1495,.T.);
#2110=ORIENTED_EDGE('',*,*,#1493,.F.);
#2111=ORIENTED_EDGE('',*,*,#1495,.F.);
#2112=ORIENTED_EDGE('',*,*,#1484,.F.);
#2113=ORIENTED_EDGE('',*,*,#1496,.T.);
#2114=ORIENTED_EDGE('',*,*,#1203,.F.);
#2115=ORIENTED_EDGE('',*,*,#1496,.F.);
#2116=ORIENTED_EDGE('',*,*,#1483,.F.);
#2117=ORIENTED_EDGE('',*,*,#1497,.T.);
#2118=ORIENTED_EDGE('',*,*,#1494,.F.);
#2119=ORIENTED_EDGE('',*,*,#1497,.F.);
#2120=ORIENTED_EDGE('',*,*,#1482,.F.);
#2121=ORIENTED_EDGE('',*,*,#1498,.T.);
#2122=ORIENTED_EDGE('',*,*,#1489,.F.);
#2123=ORIENTED_EDGE('',*,*,#1498,.F.);
#2124=ORIENTED_EDGE('',*,*,#1206,.F.);
#2125=ORIENTED_EDGE('',*,*,#1323,.F.);
#2126=ORIENTED_EDGE('',*,*,#1499,.F.);
#2127=ORIENTED_EDGE('',*,*,#1197,.F.);
#2128=ORIENTED_EDGE('',*,*,#1191,.F.);
#2129=ORIENTED_EDGE('',*,*,#1171,.T.);
#2130=ORIENTED_EDGE('',*,*,#1175,.F.);
#2131=ORIENTED_EDGE('',*,*,#1209,.F.);
#2132=ORIENTED_EDGE('',*,*,#1198,.F.);
#2133=ORIENTED_EDGE('',*,*,#1499,.T.);
#2134=ORIENTED_EDGE('',*,*,#1322,.F.);
#2135=ORIENTED_EDGE('',*,*,#1500,.F.);
#2136=ORIENTED_EDGE('',*,*,#1221,.F.);
#2137=ORIENTED_EDGE('',*,*,#1199,.F.);
#2138=ORIENTED_EDGE('',*,*,#1500,.T.);
#2139=ORIENTED_EDGE('',*,*,#1321,.F.);
#2140=ORIENTED_EDGE('',*,*,#1488,.F.);
#2141=ORIENTED_EDGE('',*,*,#1217,.T.);
#2142=ORIENTED_EDGE('',*,*,#1316,.F.);
#2143=ORIENTED_EDGE('',*,*,#1501,.F.);
#2144=ORIENTED_EDGE('',*,*,#1486,.F.);
#2145=ORIENTED_EDGE('',*,*,#1501,.T.);
#2146=ORIENTED_EDGE('',*,*,#1315,.F.);
#2147=ORIENTED_EDGE('',*,*,#1210,.F.);
#2148=ORIENTED_EDGE('',*,*,#1207,.T.);
#2149=ORIENTED_EDGE('',*,*,#1176,.F.);
#2150=ORIENTED_EDGE('',*,*,#1173,.F.);
#2151=ORIENTED_EDGE('',*,*,#1190,.F.);
#2152=ORIENTED_EDGE('',*,*,#1487,.T.);
#2153=ORIENTED_EDGE('',*,*,#1195,.T.);
#2154=ORIENTED_EDGE('',*,*,#1502,.F.);
#2155=ORIENTED_EDGE('',*,*,#1478,.F.);
#2156=ORIENTED_EDGE('',*,*,#1492,.T.);
#2157=ORIENTED_EDGE('',*,*,#1480,.T.);
#2158=ORIENTED_EDGE('',*,*,#1503,.F.);
#2159=ORIENTED_EDGE('',*,*,#1504,.F.);
#2160=ORIENTED_EDGE('',*,*,#1490,.T.);
#2161=ORIENTED_EDGE('',*,*,#1504,.T.);
#2162=ORIENTED_EDGE('',*,*,#1505,.F.);
#2163=ORIENTED_EDGE('',*,*,#1506,.F.);
#2164=ORIENTED_EDGE('',*,*,#1491,.T.);
#2165=ORIENTED_EDGE('',*,*,#1506,.T.);
#2166=ORIENTED_EDGE('',*,*,#1507,.F.);
#2167=ORIENTED_EDGE('',*,*,#1225,.F.);
#2168=ORIENTED_EDGE('',*,*,#1202,.T.);
#2169=ORIENTED_EDGE('',*,*,#1227,.T.);
#2170=ORIENTED_EDGE('',*,*,#1508,.F.);
#2171=ORIENTED_EDGE('',*,*,#1193,.F.);
#2172=ORIENTED_EDGE('',*,*,#1456,.F.);
#2173=ORIENTED_EDGE('',*,*,#1464,.T.);
#2174=ORIENTED_EDGE('',*,*,#1509,.F.);
#2175=ORIENTED_EDGE('',*,*,#1510,.F.);
#2176=ORIENTED_EDGE('',*,*,#1457,.F.);
#2177=ORIENTED_EDGE('',*,*,#1510,.T.);
#2178=ORIENTED_EDGE('',*,*,#1511,.F.);
#2179=ORIENTED_EDGE('',*,*,#1512,.F.);
#2180=ORIENTED_EDGE('',*,*,#1460,.F.);
#2181=ORIENTED_EDGE('',*,*,#1512,.T.);
#2182=ORIENTED_EDGE('',*,*,#1513,.F.);
#2183=ORIENTED_EDGE('',*,*,#1514,.F.);
#2184=ORIENTED_EDGE('',*,*,#1461,.F.);
#2185=ORIENTED_EDGE('',*,*,#1514,.T.);
#2186=ORIENTED_EDGE('',*,*,#1515,.F.);
#2187=ORIENTED_EDGE('',*,*,#1469,.F.);
#2188=ORIENTED_EDGE('',*,*,#1182,.T.);
#2189=ORIENTED_EDGE('',*,*,#1185,.T.);
#2190=ORIENTED_EDGE('',*,*,#1473,.T.);
#2191=ORIENTED_EDGE('',*,*,#1471,.T.);
#2192=ORIENTED_EDGE('',*,*,#1468,.T.);
#2193=ORIENTED_EDGE('',*,*,#1470,.T.);
#2194=ORIENTED_EDGE('',*,*,#1515,.T.);
#2195=ORIENTED_EDGE('',*,*,#1513,.T.);
#2196=ORIENTED_EDGE('',*,*,#1511,.T.);
#2197=ORIENTED_EDGE('',*,*,#1509,.T.);
#2198=ORIENTED_EDGE('',*,*,#1463,.T.);
#2199=ORIENTED_EDGE('',*,*,#1466,.T.);
#2200=ORIENTED_EDGE('',*,*,#1508,.T.);
#2201=ORIENTED_EDGE('',*,*,#1226,.T.);
#2202=ORIENTED_EDGE('',*,*,#1507,.T.);
#2203=ORIENTED_EDGE('',*,*,#1505,.T.);
#2204=ORIENTED_EDGE('',*,*,#1503,.T.);
#2205=ORIENTED_EDGE('',*,*,#1479,.T.);
#2206=ORIENTED_EDGE('',*,*,#1502,.T.);
#2207=ORIENTED_EDGE('',*,*,#1194,.T.);
#2208=PLANE('',#2429);
#2209=PLANE('',#2430);
#2210=PLANE('',#2433);
#2211=PLANE('',#2436);
#2212=PLANE('',#2437);
#2213=PLANE('',#2438);
#2214=PLANE('',#2446);
#2215=PLANE('',#2453);
#2216=PLANE('',#2456);
#2217=PLANE('',#2460);
#2218=PLANE('',#2467);
#2219=PLANE('',#2471);
#2220=PLANE('',#2475);
#2221=PLANE('',#2478);
#2222=PLANE('',#2482);
#2223=PLANE('',#2486);
#2224=PLANE('',#2490);
#2225=PLANE('',#2494);
#2226=PLANE('',#2498);
#2227=PLANE('',#2502);
#2228=PLANE('',#2506);
#2229=PLANE('',#2515);
#2230=PLANE('',#2519);
#2231=PLANE('',#2535);
#2232=PLANE('',#2539);
#2233=PLANE('',#2548);
#2234=PLANE('',#2553);
#2235=PLANE('',#2558);
#2236=PLANE('',#2559);
#2237=PLANE('',#2560);
#2238=PLANE('',#2561);
#2239=PLANE('',#2562);
#2240=PLANE('',#2563);
#2241=PLANE('',#2564);
#2242=PLANE('',#2565);
#2243=PLANE('',#2566);
#2244=PLANE('',#2567);
#2245=PLANE('',#2568);
#2246=PLANE('',#2569);
#2247=PLANE('',#2570);
#2248=PLANE('',#2571);
#2249=PLANE('',#2572);
#2250=PLANE('',#2573);
#2251=PLANE('',#2574);
#2252=PLANE('',#2575);
#2253=PLANE('',#2578);
#2254=PLANE('',#2580);
#2255=PLANE('',#2582);
#2256=PLANE('',#2583);
#2257=PLANE('',#2584);
#2258=PLANE('',#2589);
#2259=PLANE('',#2592);
#2260=PLANE('',#2593);
#2261=PLANE('',#2594);
#2262=PLANE('',#2599);
#2263=PLANE('',#2602);
#2264=PLANE('',#2605);
#2265=PLANE('',#2606);
#2266=PLANE('',#2609);
#2267=PLANE('',#2614);
#2268=PLANE('',#2615);
#2269=PLANE('',#2616);
#2270=PLANE('',#2617);
#2271=PLANE('',#2618);
#2272=PLANE('',#2619);
#2273=PLANE('',#2621);
#2274=PLANE('',#2623);
#2275=PLANE('',#2625);
#2276=PLANE('',#2627);
#2277=PLANE('',#2631);
#2278=PLANE('',#2640);
#2279=PLANE('',#2642);
#2280=PLANE('',#2644);
#2281=PLANE('',#2649);
#2282=PLANE('',#2656);
#2283=PLANE('',#2659);
#2284=PLANE('',#2660);
#2285=ADVANCED_FACE('',(#182),#2208,.F.);
#2286=ADVANCED_FACE('',(#183,#68),#2209,.F.);
#2287=ADVANCED_FACE('',(#184),#2210,.F.);
#2288=ADVANCED_FACE('',(#185),#19,.F.);
#2289=ADVANCED_FACE('',(#186),#2211,.T.);
#2290=ADVANCED_FACE('',(#187),#2212,.T.);
#2291=ADVANCED_FACE('',(#188,#69),#2213,.T.);
#2292=ADVANCED_FACE('',(#189),#20,.F.);
#2293=ADVANCED_FACE('',(#190),#2214,.T.);
#2294=ADVANCED_FACE('',(#191),#21,.F.);
#2295=ADVANCED_FACE('',(#192),#22,.F.);
#2296=ADVANCED_FACE('',(#193),#2215,.T.);
#2297=ADVANCED_FACE('',(#194),#23,.F.);
#2298=ADVANCED_FACE('',(#195),#2216,.T.);
#2299=ADVANCED_FACE('',(#196),#24,.F.);
#2300=ADVANCED_FACE('',(#197),#2217,.F.);
#2301=ADVANCED_FACE('',(#198),#2218,.T.);
#2302=ADVANCED_FACE('',(#199),#25,.F.);
#2303=ADVANCED_FACE('',(#200),#2219,.T.);
#2304=ADVANCED_FACE('',(#201),#26,.F.);
#2305=ADVANCED_FACE('',(#202),#2220,.T.);
#2306=ADVANCED_FACE('',(#203),#27,.F.);
#2307=ADVANCED_FACE('',(#204),#2221,.T.);
#2308=ADVANCED_FACE('',(#205),#28,.F.);
#2309=ADVANCED_FACE('',(#206),#2222,.T.);
#2310=ADVANCED_FACE('',(#207),#29,.F.);
#2311=ADVANCED_FACE('',(#208),#2223,.T.);
#2312=ADVANCED_FACE('',(#209),#30,.F.);
#2313=ADVANCED_FACE('',(#210),#2224,.T.);
#2314=ADVANCED_FACE('',(#211),#31,.F.);
#2315=ADVANCED_FACE('',(#212),#2225,.T.);
#2316=ADVANCED_FACE('',(#213),#32,.F.);
#2317=ADVANCED_FACE('',(#214),#2226,.T.);
#2318=ADVANCED_FACE('',(#215),#33,.F.);
#2319=ADVANCED_FACE('',(#216),#2227,.T.);
#2320=ADVANCED_FACE('',(#217),#34,.F.);
#2321=ADVANCED_FACE('',(#218),#2228,.F.);
#2322=ADVANCED_FACE('',(#219),#35,.F.);
#2323=ADVANCED_FACE('',(#220),#2229,.F.);
#2324=ADVANCED_FACE('',(#221),#36,.F.);
#2325=ADVANCED_FACE('',(#222),#2230,.F.);
#2326=ADVANCED_FACE('',(#223),#37,.F.);
#2327=ADVANCED_FACE('',(#224),#38,.F.);
#2328=ADVANCED_FACE('',(#225),#39,.T.);
#2329=ADVANCED_FACE('',(#226),#40,.F.);
#2330=ADVANCED_FACE('',(#227),#41,.F.);
#2331=ADVANCED_FACE('',(#228),#42,.T.);
#2332=ADVANCED_FACE('',(#229),#43,.F.);
#2333=ADVANCED_FACE('',(#230),#2231,.T.);
#2334=ADVANCED_FACE('',(#231),#44,.F.);
#2335=ADVANCED_FACE('',(#232),#2232,.F.);
#2336=ADVANCED_FACE('',(#233),#45,.T.);
#2337=ADVANCED_FACE('',(#234),#46,.F.);
#2338=ADVANCED_FACE('',(#235),#2233,.T.);
#2339=ADVANCED_FACE('',(#236),#47,.F.);
#2340=ADVANCED_FACE('',(#237),#48,.F.);
#2341=ADVANCED_FACE('',(#238),#2234,.T.);
#2342=ADVANCED_FACE('',(#239),#49,.F.);
#2343=ADVANCED_FACE('',(#240),#50,.F.);
#2344=ADVANCED_FACE('',(#241),#2235,.T.);
#2345=ADVANCED_FACE('',(#242),#2236,.F.);
#2346=ADVANCED_FACE('',(#243),#2237,.F.);
#2347=ADVANCED_FACE('',(#244),#2238,.T.);
#2348=ADVANCED_FACE('',(#245),#2239,.F.);
#2349=ADVANCED_FACE('',(#246),#2240,.F.);
#2350=ADVANCED_FACE('',(#247),#2241,.F.);
#2351=ADVANCED_FACE('',(#248),#2242,.F.);
#2352=ADVANCED_FACE('',(#249),#2243,.F.);
#2353=ADVANCED_FACE('',(#250),#2244,.F.);
#2354=ADVANCED_FACE('',(#251),#2245,.F.);
#2355=ADVANCED_FACE('',(#252),#2246,.F.);
#2356=ADVANCED_FACE('',(#253),#2247,.F.);
#2357=ADVANCED_FACE('',(#254),#2248,.F.);
#2358=ADVANCED_FACE('',(#255),#2249,.F.);
#2359=ADVANCED_FACE('',(#256),#2250,.F.);
#2360=ADVANCED_FACE('',(#257),#2251,.F.);
#2361=ADVANCED_FACE('',(#258),#2252,.T.);
#2362=ADVANCED_FACE('',(#259,#70),#2253,.T.);
#2363=ADVANCED_FACE('',(#260,#71),#2254,.T.);
#2364=ADVANCED_FACE('',(#261),#2255,.T.);
#2365=ADVANCED_FACE('',(#262),#2256,.T.);
#2366=ADVANCED_FACE('',(#263),#2257,.T.);
#2367=ADVANCED_FACE('',(#264),#51,.F.);
#2368=ADVANCED_FACE('',(#265),#2258,.T.);
#2369=ADVANCED_FACE('',(#266),#52,.F.);
#2370=ADVANCED_FACE('',(#267),#2259,.T.);
#2371=ADVANCED_FACE('',(#268),#2260,.F.);
#2372=ADVANCED_FACE('',(#269),#2261,.F.);
#2373=ADVANCED_FACE('',(#270),#15,.T.);
#2374=ADVANCED_FACE('',(#271),#16,.T.);
#2375=ADVANCED_FACE('',(#272),#2262,.T.);
#2376=ADVANCED_FACE('',(#273),#17,.T.);
#2377=ADVANCED_FACE('',(#274),#2263,.T.);
#2378=ADVANCED_FACE('',(#275),#18,.T.);
#2379=ADVANCED_FACE('',(#276),#2264,.T.);
#2380=ADVANCED_FACE('',(#277),#2265,.T.);
#2381=ADVANCED_FACE('',(#278),#53,.T.);
#2382=ADVANCED_FACE('',(#279),#2266,.T.);
#2383=ADVANCED_FACE('',(#280),#54,.T.);
#2384=ADVANCED_FACE('',(#281),#55,.F.);
#2385=ADVANCED_FACE('',(#282),#2267,.F.);
#2386=ADVANCED_FACE('',(#283),#2268,.T.);
#2387=ADVANCED_FACE('',(#284),#2269,.T.);
#2388=ADVANCED_FACE('',(#285),#2270,.T.);
#2389=ADVANCED_FACE('',(#286),#2271,.T.);
#2390=ADVANCED_FACE('',(#287),#2272,.F.);
#2391=ADVANCED_FACE('',(#288),#2273,.F.);
#2392=ADVANCED_FACE('',(#289),#2274,.F.);
#2393=ADVANCED_FACE('',(#290),#2275,.F.);
#2394=ADVANCED_FACE('',(#291,#72),#2276,.T.);
#2395=ADVANCED_FACE('',(#292,#73,#74,#75,#76,#77),#2277,.T.);
#2396=ADVANCED_FACE('',(#293),#56,.F.);
#2397=ADVANCED_FACE('',(#294),#57,.F.);
#2398=ADVANCED_FACE('',(#295),#58,.F.);
#2399=ADVANCED_FACE('',(#296),#59,.F.);
#2400=ADVANCED_FACE('',(#297),#2278,.T.);
#2401=ADVANCED_FACE('',(#298),#60,.T.);
#2402=ADVANCED_FACE('',(#299),#2279,.T.);
#2403=ADVANCED_FACE('',(#300),#61,.T.);
#2404=ADVANCED_FACE('',(#301),#2280,.T.);
#2405=ADVANCED_FACE('',(#302),#62,.F.);
#2406=ADVANCED_FACE('',(#303),#63,.F.);
#2407=ADVANCED_FACE('',(#304),#2281,.T.);
#2408=ADVANCED_FACE('',(#305),#64,.F.);
#2409=ADVANCED_FACE('',(#306),#65,.F.);
#2410=ADVANCED_FACE('',(#307),#66,.T.);
#2411=ADVANCED_FACE('',(#308),#2282,.T.);
#2412=ADVANCED_FACE('',(#309),#67,.T.);
#2413=ADVANCED_FACE('',(#310,#78),#2283,.T.);
#2414=ADVANCED_FACE('',(#311,#79),#2284,.T.);
#2415=CLOSED_SHELL('',(#2285,#2286,#2287,#2288,#2289,#2290,#2291,#2292,
#2293,#2294,#2295,#2296,#2297,#2298,#2299,#2300,#2301,#2302,#2303,#2304,
#2305,#2306,#2307,#2308,#2309,#2310,#2311,#2312,#2313,#2314,#2315,#2316,
#2317,#2318,#2319,#2320,#2321,#2322,#2323,#2324,#2325,#2326,#2327,#2328,
#2329,#2330,#2331,#2332,#2333,#2334,#2335,#2336,#2337,#2338,#2339,#2340,
#2341,#2342,#2343,#2344,#2345,#2346,#2347,#2348,#2349,#2350,#2351,#2352,
#2353,#2354,#2355,#2356,#2357,#2358,#2359,#2360,#2361,#2362,#2363,#2364,
#2365,#2366,#2367,#2368,#2369,#2370,#2371,#2372,#2373,#2374,#2375,#2376,
#2377,#2378,#2379,#2380,#2381,#2382,#2383,#2384,#2385,#2386,#2387,#2388,
#2389,#2390,#2391,#2392,#2393,#2394,#2395,#2396,#2397,#2398,#2399,#2400,
#2401,#2402,#2403,#2404,#2405,#2406,#2407,#2408,#2409,#2410,#2411,#2412,
#2413,#2414));
#2416=DERIVED_UNIT_ELEMENT(#2418,1.);
#2417=DERIVED_UNIT_ELEMENT(#4081,-3.);
#2418=(
MASS_UNIT()
NAMED_UNIT(*)
SI_UNIT(.KILO.,.GRAM.)
);
#2419=DERIVED_UNIT((#2416,#2417));
#2420=MEASURE_REPRESENTATION_ITEM('density measure',
POSITIVE_RATIO_MEASURE(7850.),#2419);
#2421=PROPERTY_DEFINITION_REPRESENTATION(#2426,#2423);
#2422=PROPERTY_DEFINITION_REPRESENTATION(#2427,#2424);
#2423=REPRESENTATION('material name',(#2425),#4078);
#2424=REPRESENTATION('density',(#2420),#4078);
#2425=DESCRIPTIVE_REPRESENTATION_ITEM('Steel','Steel');
#2426=PROPERTY_DEFINITION('material property','material name',#4088);
#2427=PROPERTY_DEFINITION('material property','density of part',#4088);
#2428=AXIS2_PLACEMENT_3D('',#3371,#2661,#2662);
#2429=AXIS2_PLACEMENT_3D('',#3372,#2663,#2664);
#2430=AXIS2_PLACEMENT_3D('',#3381,#2669,#2670);
#2431=AXIS2_PLACEMENT_3D('',#3391,#2675,#2676);
#2432=AXIS2_PLACEMENT_3D('',#3394,#2678,#2679);
#2433=AXIS2_PLACEMENT_3D('',#3395,#2680,#2681);
#2434=AXIS2_PLACEMENT_3D('',#3401,#2685,#2686);
#2435=AXIS2_PLACEMENT_3D('',#3404,#2688,#2689);
#2436=AXIS2_PLACEMENT_3D('',#3405,#2690,#2691);
#2437=AXIS2_PLACEMENT_3D('',#3414,#2696,#2697);
#2438=AXIS2_PLACEMENT_3D('',#3428,#2705,#2706);
#2439=AXIS2_PLACEMENT_3D('',#3432,#2708,#2709);
#2440=AXIS2_PLACEMENT_3D('',#3436,#2711,#2712);
#2441=AXIS2_PLACEMENT_3D('',#3439,#2714,#2715);
#2442=AXIS2_PLACEMENT_3D('',#3441,#2716,#2717);
#2443=AXIS2_PLACEMENT_3D('',#3442,#2718,#2719);
#2444=AXIS2_PLACEMENT_3D('',#3444,#2720,#2721);
#2445=AXIS2_PLACEMENT_3D('',#3446,#2722,#2723);
#2446=AXIS2_PLACEMENT_3D('',#3448,#2725,#2726);
#2447=AXIS2_PLACEMENT_3D('',#3451,#2728,#2729);
#2448=AXIS2_PLACEMENT_3D('',#3453,#2731,#2732);
#2449=AXIS2_PLACEMENT_3D('',#3456,#2734,#2735);
#2450=AXIS2_PLACEMENT_3D('',#3457,#2736,#2737);
#2451=AXIS2_PLACEMENT_3D('',#3460,#2738,#2739);
#2452=AXIS2_PLACEMENT_3D('',#3464,#2741,#2742);
#2453=AXIS2_PLACEMENT_3D('',#3466,#2744,#2745);
#2454=AXIS2_PLACEMENT_3D('',#3472,#2749,#2750);
#2455=AXIS2_PLACEMENT_3D('',#3475,#2751,#2752);
#2456=AXIS2_PLACEMENT_3D('',#3478,#2755,#2756);
#2457=AXIS2_PLACEMENT_3D('',#3490,#2763,#2764);
#2458=AXIS2_PLACEMENT_3D('',#3493,#2765,#2766);
#2459=AXIS2_PLACEMENT_3D('',#3497,#2768,#2769);
#2460=AXIS2_PLACEMENT_3D('',#3499,#2771,#2772);
#2461=AXIS2_PLACEMENT_3D('',#3503,#2774,#2775);
#2462=AXIS2_PLACEMENT_3D('',#3507,#2777,#2778);
#2463=AXIS2_PLACEMENT_3D('',#3509,#2779,#2780);
#2464=AXIS2_PLACEMENT_3D('',#3511,#2781,#2782);
#2465=AXIS2_PLACEMENT_3D('',#3515,#2784,#2785);
#2466=AXIS2_PLACEMENT_3D('',#3519,#2787,#2788);
#2467=AXIS2_PLACEMENT_3D('',#3521,#2790,#2791);
#2468=AXIS2_PLACEMENT_3D('',#3533,#2798,#2799);
#2469=AXIS2_PLACEMENT_3D('',#3536,#2800,#2801);
#2470=AXIS2_PLACEMENT_3D('',#3540,#2803,#2804);
#2471=AXIS2_PLACEMENT_3D('',#3542,#2806,#2807);
#2472=AXIS2_PLACEMENT_3D('',#3548,#2811,#2812);
#2473=AXIS2_PLACEMENT_3D('',#3551,#2813,#2814);
#2474=AXIS2_PLACEMENT_3D('',#3555,#2816,#2817);
#2475=AXIS2_PLACEMENT_3D('',#3557,#2819,#2820);
#2476=AXIS2_PLACEMENT_3D('',#3563,#2824,#2825);
#2477=AXIS2_PLACEMENT_3D('',#3567,#2827,#2828);
#2478=AXIS2_PLACEMENT_3D('',#3569,#2830,#2831);
#2479=AXIS2_PLACEMENT_3D('',#3581,#2838,#2839);
#2480=AXIS2_PLACEMENT_3D('',#3583,#2840,#2841);
#2481=AXIS2_PLACEMENT_3D('',#3586,#2843,#2844);
#2482=AXIS2_PLACEMENT_3D('',#3587,#2845,#2846);
#2483=AXIS2_PLACEMENT_3D('',#3593,#2850,#2851);
#2484=AXIS2_PLACEMENT_3D('',#3595,#2852,#2853);
#2485=AXIS2_PLACEMENT_3D('',#3598,#2855,#2856);
#2486=AXIS2_PLACEMENT_3D('',#3599,#2857,#2858);
#2487=AXIS2_PLACEMENT_3D('',#3605,#2862,#2863);
#2488=AXIS2_PLACEMENT_3D('',#3607,#2864,#2865);
#2489=AXIS2_PLACEMENT_3D('',#3610,#2867,#2868);
#2490=AXIS2_PLACEMENT_3D('',#3611,#2869,#2870);
#2491=AXIS2_PLACEMENT_3D('',#3625,#2878,#2879);
#2492=AXIS2_PLACEMENT_3D('',#3627,#2880,#2881);
#2493=AXIS2_PLACEMENT_3D('',#3630,#2883,#2884);
#2494=AXIS2_PLACEMENT_3D('',#3631,#2885,#2886);
#2495=AXIS2_PLACEMENT_3D('',#3637,#2890,#2891);
#2496=AXIS2_PLACEMENT_3D('',#3639,#2892,#2893);
#2497=AXIS2_PLACEMENT_3D('',#3642,#2895,#2896);
#2498=AXIS2_PLACEMENT_3D('',#3643,#2897,#2898);
#2499=AXIS2_PLACEMENT_3D('',#3649,#2902,#2903);
#2500=AXIS2_PLACEMENT_3D('',#3651,#2904,#2905);
#2501=AXIS2_PLACEMENT_3D('',#3654,#2907,#2908);
#2502=AXIS2_PLACEMENT_3D('',#3655,#2909,#2910);
#2503=AXIS2_PLACEMENT_3D('',#3661,#2914,#2915);
#2504=AXIS2_PLACEMENT_3D('',#3663,#2916,#2917);
#2505=AXIS2_PLACEMENT_3D('',#3666,#2919,#2920);
#2506=AXIS2_PLACEMENT_3D('',#3667,#2921,#2922);
#2507=AXIS2_PLACEMENT_3D('',#3670,#2924,#2925);
#2508=AXIS2_PLACEMENT_3D('',#3673,#2927,#2928);
#2509=AXIS2_PLACEMENT_3D('',#3675,#2929,#2930);
#2510=AXIS2_PLACEMENT_3D('',#3676,#2931,#2932);
#2511=AXIS2_PLACEMENT_3D('',#3680,#2934,#2935);
#2512=AXIS2_PLACEMENT_3D('',#3682,#2937,#2938);
#2513=AXIS2_PLACEMENT_3D('',#3684,#2939,#2940);
#2514=AXIS2_PLACEMENT_3D('',#3687,#2942,#2943);
#2515=AXIS2_PLACEMENT_3D('',#3688,#2944,#2945);
#2516=AXIS2_PLACEMENT_3D('',#3690,#2947,#2948);
#2517=AXIS2_PLACEMENT_3D('',#3692,#2949,#2950);
#2518=AXIS2_PLACEMENT_3D('',#3695,#2952,#2953);
#2519=AXIS2_PLACEMENT_3D('',#3696,#2954,#2955);
#2520=AXIS2_PLACEMENT_3D('',#3698,#2957,#2958);
#2521=AXIS2_PLACEMENT_3D('',#3699,#2959,#2960);
#2522=AXIS2_PLACEMENT_3D('',#3700,#2961,#2962);
#2523=AXIS2_PLACEMENT_3D('',#3701,#2963,#2964);
#2524=AXIS2_PLACEMENT_3D('',#3703,#2965,#2966);
#2525=AXIS2_PLACEMENT_3D('',#3705,#2968,#2969);
#2526=AXIS2_PLACEMENT_3D('',#3707,#2970,#2971);
#2527=AXIS2_PLACEMENT_3D('',#3709,#2973,#2974);
#2528=AXIS2_PLACEMENT_3D('',#3710,#2975,#2976);
#2529=AXIS2_PLACEMENT_3D('',#3711,#2977,#2978);
#2530=AXIS2_PLACEMENT_3D('',#3715,#2980,#2981);
#2531=AXIS2_PLACEMENT_3D('',#3717,#2983,#2984);
#2532=AXIS2_PLACEMENT_3D('',#3720,#2986,#2987);
#2533=AXIS2_PLACEMENT_3D('',#3721,#2988,#2989);
#2534=AXIS2_PLACEMENT_3D('',#3723,#2990,#2991);
#2535=AXIS2_PLACEMENT_3D('',#3725,#2993,#2994);
#2536=AXIS2_PLACEMENT_3D('',#3729,#2997,#2998);
#2537=AXIS2_PLACEMENT_3D('',#3732,#2999,#3000);
#2538=AXIS2_PLACEMENT_3D('',#3736,#3002,#3003);
#2539=AXIS2_PLACEMENT_3D('',#3738,#3005,#3006);
#2540=AXIS2_PLACEMENT_3D('',#3740,#3007,#3008);
#2541=AXIS2_PLACEMENT_3D('',#3743,#3010,#3011);
#2542=AXIS2_PLACEMENT_3D('',#3745,#3012,#3013);
#2543=AXIS2_PLACEMENT_3D('',#3748,#3015,#3016);
#2544=AXIS2_PLACEMENT_3D('',#3749,#3017,#3018);
#2545=AXIS2_PLACEMENT_3D('',#3751,#3019,#3020);
#2546=AXIS2_PLACEMENT_3D('',#3753,#3022,#3023);
#2547=AXIS2_PLACEMENT_3D('',#3756,#3025,#3026);
#2548=AXIS2_PLACEMENT_3D('',#3757,#3027,#3028);
#2549=AXIS2_PLACEMENT_3D('',#3761,#3031,#3032);
#2550=AXIS2_PLACEMENT_3D('',#3762,#3033,#3034);
#2551=AXIS2_PLACEMENT_3D('',#3763,#3035,#3036);
#2552=AXIS2_PLACEMENT_3D('',#3765,#3037,#3038);
#2553=AXIS2_PLACEMENT_3D('',#3767,#3040,#3041);
#2554=AXIS2_PLACEMENT_3D('',#3769,#3043,#3044);
#2555=AXIS2_PLACEMENT_3D('',#3770,#3045,#3046);
#2556=AXIS2_PLACEMENT_3D('',#3771,#3047,#3048);
#2557=AXIS2_PLACEMENT_3D('',#3774,#3050,#3051);
#2558=AXIS2_PLACEMENT_3D('',#3775,#3052,#3053);
#2559=AXIS2_PLACEMENT_3D('',#3777,#3055,#3056);
#2560=AXIS2_PLACEMENT_3D('',#3786,#3061,#3062);
#2561=AXIS2_PLACEMENT_3D('',#3795,#3067,#3068);
#2562=AXIS2_PLACEMENT_3D('',#3838,#3091,#3092);
#2563=AXIS2_PLACEMENT_3D('',#3844,#3096,#3097);
#2564=AXIS2_PLACEMENT_3D('',#3848,#3100,#3101);
#2565=AXIS2_PLACEMENT_3D('',#3852,#3104,#3105);
#2566=AXIS2_PLACEMENT_3D('',#3856,#3108,#3109);
#2567=AXIS2_PLACEMENT_3D('',#3860,#3112,#3113);
#2568=AXIS2_PLACEMENT_3D('',#3866,#3117,#3118);
#2569=AXIS2_PLACEMENT_3D('',#3870,#3121,#3122);
#2570=AXIS2_PLACEMENT_3D('',#3874,#3125,#3126);
#2571=AXIS2_PLACEMENT_3D('',#3880,#3130,#3131);
#2572=AXIS2_PLACEMENT_3D('',#3884,#3134,#3135);
#2573=AXIS2_PLACEMENT_3D('',#3888,#3138,#3139);
#2574=AXIS2_PLACEMENT_3D('',#3892,#3142,#3143);
#2575=AXIS2_PLACEMENT_3D('',#3896,#3146,#3147);
#2576=AXIS2_PLACEMENT_3D('',#3900,#3149,#3150);
#2577=AXIS2_PLACEMENT_3D('',#3903,#3152,#3153);
#2578=AXIS2_PLACEMENT_3D('',#3904,#3154,#3155);
#2579=AXIS2_PLACEMENT_3D('',#3907,#3157,#3158);
#2580=AXIS2_PLACEMENT_3D('',#3908,#3159,#3160);
#2581=AXIS2_PLACEMENT_3D('',#3911,#3162,#3163);
#2582=AXIS2_PLACEMENT_3D('',#3912,#3164,#3165);
#2583=AXIS2_PLACEMENT_3D('',#3914,#3167,#3168);
#2584=AXIS2_PLACEMENT_3D('',#3916,#3170,#3171);
#2585=AXIS2_PLACEMENT_3D('',#3918,#3172,#3173);
#2586=AXIS2_PLACEMENT_3D('',#3922,#3175,#3176);
#2587=AXIS2_PLACEMENT_3D('',#3924,#3178,#3179);
#2588=AXIS2_PLACEMENT_3D('',#3927,#3181,#3182);
#2589=AXIS2_PLACEMENT_3D('',#3928,#3183,#3184);
#2590=AXIS2_PLACEMENT_3D('',#3929,#3185,#3186);
#2591=AXIS2_PLACEMENT_3D('',#3932,#3188,#3189);
#2592=AXIS2_PLACEMENT_3D('',#3933,#3190,#3191);
#2593=AXIS2_PLACEMENT_3D('',#3934,#3192,#3193);
#2594=AXIS2_PLACEMENT_3D('',#3935,#3194,#3195);
#2595=AXIS2_PLACEMENT_3D('',#3936,#3196,#3197);
#2596=AXIS2_PLACEMENT_3D('',#3939,#3199,#3200);
#2597=AXIS2_PLACEMENT_3D('',#3940,#3201,#3202);
#2598=AXIS2_PLACEMENT_3D('',#3943,#3204,#3205);
#2599=AXIS2_PLACEMENT_3D('',#3944,#3206,#3207);
#2600=AXIS2_PLACEMENT_3D('',#3948,#3210,#3211);
#2601=AXIS2_PLACEMENT_3D('',#3951,#3213,#3214);
#2602=AXIS2_PLACEMENT_3D('',#3952,#3215,#3216);
#2603=AXIS2_PLACEMENT_3D('',#3956,#3219,#3220);
#2604=AXIS2_PLACEMENT_3D('',#3959,#3222,#3223);
#2605=AXIS2_PLACEMENT_3D('',#3960,#3224,#3225);
#2606=AXIS2_PLACEMENT_3D('',#3962,#3227,#3228);
#2607=AXIS2_PLACEMENT_3D('',#3968,#3232,#3233);
#2608=AXIS2_PLACEMENT_3D('',#3971,#3235,#3236);
#2609=AXIS2_PLACEMENT_3D('',#3972,#3237,#3238);
#2610=AXIS2_PLACEMENT_3D('',#3976,#3241,#3242);
#2611=AXIS2_PLACEMENT_3D('',#3979,#3244,#3245);
#2612=AXIS2_PLACEMENT_3D('',#3980,#3246,#3247);
#2613=AXIS2_PLACEMENT_3D('',#3982,#3248,#3249);
#2614=AXIS2_PLACEMENT_3D('',#3984,#3251,#3252);
#2615=AXIS2_PLACEMENT_3D('',#3986,#3254,#3255);
#2616=AXIS2_PLACEMENT_3D('',#3988,#3257,#3258);
#2617=AXIS2_PLACEMENT_3D('',#3990,#3260,#3261);
#2618=AXIS2_PLACEMENT_3D('',#3992,#3263,#3264);
#2619=AXIS2_PLACEMENT_3D('',#4002,#3270,#3271);
#2620=AXIS2_PLACEMENT_3D('',#4004,#3272,#3273);
#2621=AXIS2_PLACEMENT_3D('',#4005,#3274,#3275);
#2622=AXIS2_PLACEMENT_3D('',#4007,#3276,#3277);
#2623=AXIS2_PLACEMENT_3D('',#4008,#3278,#3279);
#2624=AXIS2_PLACEMENT_3D('',#4010,#3280,#3281);
#2625=AXIS2_PLACEMENT_3D('',#4011,#3282,#3283);
#2626=AXIS2_PLACEMENT_3D('',#4013,#3284,#3285);
#2627=AXIS2_PLACEMENT_3D('',#4014,#3286,#3287);
#2628=AXIS2_PLACEMENT_3D('',#4017,#3289,#3290);
#2629=AXIS2_PLACEMENT_3D('',#4018,#3291,#3292);
#2630=AXIS2_PLACEMENT_3D('',#4020,#3293,#3294);
#2631=AXIS2_PLACEMENT_3D('',#4021,#3295,#3296);
#2632=AXIS2_PLACEMENT_3D('',#4025,#3298,#3299);
#2633=AXIS2_PLACEMENT_3D('',#4026,#3300,#3301);
#2634=AXIS2_PLACEMENT_3D('',#4028,#3302,#3303);
#2635=AXIS2_PLACEMENT_3D('',#4030,#3304,#3305);
#2636=AXIS2_PLACEMENT_3D('',#4031,#3306,#3307);
#2637=AXIS2_PLACEMENT_3D('',#4033,#3309,#3310);
#2638=AXIS2_PLACEMENT_3D('',#4035,#3312,#3313);
#2639=AXIS2_PLACEMENT_3D('',#4037,#3315,#3316);
#2640=AXIS2_PLACEMENT_3D('',#4039,#3318,#3319);
#2641=AXIS2_PLACEMENT_3D('',#4041,#3321,#3322);
#2642=AXIS2_PLACEMENT_3D('',#4043,#3324,#3325);
#2643=AXIS2_PLACEMENT_3D('',#4044,#3326,#3327);
#2644=AXIS2_PLACEMENT_3D('',#4046,#3329,#3330);
#2645=AXIS2_PLACEMENT_3D('',#4047,#3331,#3332);
#2646=AXIS2_PLACEMENT_3D('',#4048,#3333,#3334);
#2647=AXIS2_PLACEMENT_3D('',#4049,#3335,#3336);
#2648=AXIS2_PLACEMENT_3D('',#4051,#3337,#3338);
#2649=AXIS2_PLACEMENT_3D('',#4053,#3340,#3341);
#2650=AXIS2_PLACEMENT_3D('',#4057,#3344,#3345);
#2651=AXIS2_PLACEMENT_3D('',#4058,#3346,#3347);
#2652=AXIS2_PLACEMENT_3D('',#4059,#3348,#3349);
#2653=AXIS2_PLACEMENT_3D('',#4060,#3350,#3351);
#2654=AXIS2_PLACEMENT_3D('',#4061,#3352,#3353);
#2655=AXIS2_PLACEMENT_3D('',#4063,#3354,#3355);
#2656=AXIS2_PLACEMENT_3D('',#4065,#3357,#3358);
#2657=AXIS2_PLACEMENT_3D('',#4069,#3361,#3362);
#2658=AXIS2_PLACEMENT_3D('',#4071,#3363,#3364);
#2659=AXIS2_PLACEMENT_3D('',#4073,#3366,#3367);
#2660=AXIS2_PLACEMENT_3D('',#4075,#3369,#3370);
#2661=DIRECTION('axis',(0.,0.,1.));
#2662=DIRECTION('refdir',(1.,0.,0.));
#2663=DIRECTION('center_axis',(0.,9.57088802037569E-17,1.));
#2664=DIRECTION('ref_axis',(0.,1.,-9.57088802037569E-17));
#2665=DIRECTION('',(-6.41462192005646E-15,1.,-9.57088802037569E-17));
#2666=DIRECTION('',(-1.,0.,0.));
#2667=DIRECTION('',(-6.41462192005646E-15,1.,-9.57088802037569E-17));
#2668=DIRECTION('',(-1.,0.,0.));
#2669=DIRECTION('center_axis',(-1.,-6.41462192005646E-15,0.));
#2670=DIRECTION('ref_axis',(0.,0.,1.));
#2671=DIRECTION('',(6.41462192005646E-15,-1.,0.));
#2672=DIRECTION('',(0.,0.,-1.));
#2673=DIRECTION('',(0.,0.,1.));
#2674=DIRECTION('',(6.41462192005646E-15,-1.,0.));
#2675=DIRECTION('center_axis',(1.,6.41462192005646E-15,0.));
#2676=DIRECTION('ref_axis',(0.,0.,1.));
#2677=DIRECTION('',(-6.41462192005646E-15,1.,0.));
#2678=DIRECTION('center_axis',(1.,6.41462192005646E-15,0.));
#2679=DIRECTION('ref_axis',(0.,0.,-1.));
#2680=DIRECTION('center_axis',(0.,0.,1.));
#2681=DIRECTION('ref_axis',(0.,-1.,0.));
#2682=DIRECTION('',(1.,0.,0.));
#2683=DIRECTION('',(6.41462192005646E-15,-1.,0.));
#2684=DIRECTION('',(1.,0.,0.));
#2685=DIRECTION('center_axis',(1.,0.,0.));
#2686=DIRECTION('ref_axis',(0.,0.,-1.));
#2687=DIRECTION('',(1.,0.,0.));
#2688=DIRECTION('center_axis',(1.,6.41462192005646E-15,0.));
#2689=DIRECTION('ref_axis',(0.,0.,-1.));
#2690=DIRECTION('center_axis',(1.,6.41462192005646E-15,0.));
#2691=DIRECTION('ref_axis',(-6.41462192005646E-15,1.,0.));
#2692=DIRECTION('',(6.41462192005646E-15,-1.,0.));
#2693=DIRECTION('',(0.,0.,1.));
#2694=DIRECTION('',(6.41462192005646E-15,-1.,0.));
#2695=DIRECTION('',(0.,0.,-1.));
#2696=DIRECTION('center_axis',(1.,6.41462192005646E-15,0.));
#2697=DIRECTION('ref_axis',(-6.41462192005646E-15,1.,0.));
#2698=DIRECTION('',(0.,0.,1.));
#2699=DIRECTION('',(0.,0.,-1.));
#2700=DIRECTION('',(-6.41462192005646E-15,1.,0.));
#2701=DIRECTION('',(0.,0.,1.));
#2702=DIRECTION('',(-6.41462192005646E-15,1.,0.));
#2703=DIRECTION('',(0.,0.,1.));
#2704=DIRECTION('',(-6.41462192005646E-15,1.,0.));
#2705=DIRECTION('center_axis',(0.,0.,1.));
#2706=DIRECTION('ref_axis',(1.,0.,0.));
#2707=DIRECTION('',(1.,6.95960691684862E-15,0.));
#2708=DIRECTION('center_axis',(0.,0.,1.));
#2709=DIRECTION('ref_axis',(2.22044601616309E-15,-1.,0.));
#2710=DIRECTION('',(0.,1.,0.));
#2711=DIRECTION('center_axis',(0.,0.,1.));
#2712=DIRECTION('ref_axis',(-0.707106781186547,0.707106781186547,0.));
#2713=DIRECTION('',(1.,0.,0.));
#2714=DIRECTION('center_axis',(0.,0.,-1.));
#2715=DIRECTION('ref_axis',(4.13106241720988E-15,1.,0.));
#2716=DIRECTION('center_axis',(0.,0.,-1.));
#2717=DIRECTION('ref_axis',(1.,0.,0.));
#2718=DIRECTION('center_axis',(0.,0.,-1.));
#2719=DIRECTION('ref_axis',(-0.707106781186553,0.707106781186542,0.));
#2720=DIRECTION('center_axis',(0.,0.,1.));
#2721=DIRECTION('ref_axis',(-0.707106781186553,0.707106781186542,0.));
#2722=DIRECTION('center_axis',(0.,0.,1.));
#2723=DIRECTION('ref_axis',(-0.707106781186553,0.707106781186542,0.));
#2724=DIRECTION('',(0.,0.,1.));
#2725=DIRECTION('center_axis',(0.,0.,1.));
#2726=DIRECTION('ref_axis',(-1.,0.,0.));
#2727=DIRECTION('',(-1.,0.,0.));
#2728=DIRECTION('center_axis',(0.,0.,1.));
#2729=DIRECTION('ref_axis',(-0.707106781186551,-0.707106781186544,0.));
#2730=DIRECTION('',(-1.,-1.85037170770864E-14,0.));
#2731=DIRECTION('center_axis',(0.,0.,-1.));
#2732=DIRECTION('ref_axis',(-0.707106781186551,-0.707106781186544,0.));
#2733=DIRECTION('',(0.,0.,-1.));
#2734=DIRECTION('center_axis',(0.,0.,1.));
#2735=DIRECTION('ref_axis',(-0.707106781186551,-0.707106781186544,0.));
#2736=DIRECTION('center_axis',(0.,0.,-1.));
#2737=DIRECTION('ref_axis',(-0.707106781186551,-0.707106781186544,0.));
#2738=DIRECTION('center_axis',(0.,0.,1.));
#2739=DIRECTION('ref_axis',(-0.707106781186551,-0.707106781186544,0.));
#2740=DIRECTION('',(0.,0.,1.));
#2741=DIRECTION('center_axis',(0.,0.,1.));
#2742=DIRECTION('ref_axis',(-0.707106781186551,-0.707106781186544,0.));
#2743=DIRECTION('',(0.,0.,-1.));
#2744=DIRECTION('center_axis',(1.,-1.03276563651276E-14,0.));
#2745=DIRECTION('ref_axis',(-1.03276563651276E-14,-1.,0.));
#2746=DIRECTION('',(-1.03276563651276E-14,-1.,0.));
#2747=DIRECTION('',(0.,0.,-1.));
#2748=DIRECTION('',(1.03276563651276E-14,1.,0.));
#2749=DIRECTION('center_axis',(0.,0.,-1.));
#2750=DIRECTION('ref_axis',(-0.707106781186547,0.707106781186547,0.));
#2751=DIRECTION('center_axis',(0.,0.,1.));
#2752=DIRECTION('ref_axis',(-0.707106781186547,0.707106781186547,0.));
#2753=DIRECTION('',(0.,0.,1.));
#2754=DIRECTION('',(0.,0.,-1.));
#2755=DIRECTION('center_axis',(0.,-1.,0.));
#2756=DIRECTION('ref_axis',(1.,0.,0.));
#2757=DIRECTION('',(-1.,0.,0.));
#2758=DIRECTION('',(0.,0.,-1.));
#2759=DIRECTION('',(1.,0.,0.));
#2760=DIRECTION('',(0.,0.,1.));
#2761=DIRECTION('',(1.,0.,0.));
#2762=DIRECTION('',(0.,0.,1.));
#2763=DIRECTION('center_axis',(0.,0.,-1.));
#2764=DIRECTION('ref_axis',(-0.707106781186554,-0.707106781186541,0.));
#2765=DIRECTION('center_axis',(0.,0.,1.));
#2766=DIRECTION('ref_axis',(-0.707106781186554,-0.707106781186541,0.));
#2767=DIRECTION('',(0.,0.,1.));
#2768=DIRECTION('center_axis',(0.,0.,1.));
#2769=DIRECTION('ref_axis',(-0.707106781186554,-0.707106781186541,0.));
#2770=DIRECTION('',(0.,0.,-1.));
#2771=DIRECTION('center_axis',(0.,0.,-1.));
#2772=DIRECTION('ref_axis',(-1.,0.,0.));
#2773=DIRECTION('',(1.,-1.87350135405495E-14,0.));
#2774=DIRECTION('center_axis',(0.,0.,1.));
#2775=DIRECTION('ref_axis',(0.70710678118654,-0.707106781186555,0.));
#2776=DIRECTION('',(0.,1.,0.));
#2777=DIRECTION('center_axis',(0.,0.,1.));
#2778=DIRECTION('ref_axis',(0.857233039988826,0.514928650544438,0.));
#2779=DIRECTION('center_axis',(0.,0.,-1.));
#2780=DIRECTION('ref_axis',(1.,0.,0.));
#2781=DIRECTION('center_axis',(0.,0.,1.));
#2782=DIRECTION('ref_axis',(0.857233039988826,-0.514928650544438,0.));
#2783=DIRECTION('',(0.,1.,0.));
#2784=DIRECTION('center_axis',(0.,0.,1.));
#2785=DIRECTION('ref_axis',(0.707106781186548,0.707106781186548,0.));
#2786=DIRECTION('',(-1.,0.,0.));
#2787=DIRECTION('center_axis',(0.,0.,1.));
#2788=DIRECTION('ref_axis',(-0.707106781186548,0.707106781186547,0.));
#2789=DIRECTION('',(0.,-1.,0.));
#2790=DIRECTION('center_axis',(1.87350135405495E-14,1.,0.));
#2791=DIRECTION('ref_axis',(1.,-1.87350135405495E-14,0.));
#2792=DIRECTION('',(-1.,1.87350135405495E-14,0.));
#2793=DIRECTION('',(0.,0.,1.));
#2794=DIRECTION('',(1.,-1.87350135405495E-14,0.));
#2795=DIRECTION('',(0.,0.,-1.));
#2796=DIRECTION('',(-1.,1.87350135405495E-14,0.));
#2797=DIRECTION('',(0.,0.,1.));
#2798=DIRECTION('center_axis',(0.,0.,-1.));
#2799=DIRECTION('ref_axis',(-0.707106781186554,-0.707106781186541,0.));
#2800=DIRECTION('center_axis',(0.,0.,1.));
#2801=DIRECTION('ref_axis',(-0.707106781186554,-0.707106781186541,0.));
#2802=DIRECTION('',(0.,0.,1.));
#2803=DIRECTION('center_axis',(0.,0.,1.));
#2804=DIRECTION('ref_axis',(-0.707106781186554,-0.707106781186541,0.));
#2805=DIRECTION('',(0.,0.,-1.));
#2806=DIRECTION('center_axis',(1.,0.,0.));
#2807=DIRECTION('ref_axis',(0.,-1.,0.));
#2808=DIRECTION('',(0.,-1.,0.));
#2809=DIRECTION('',(0.,0.,-1.));
#2810=DIRECTION('',(0.,1.,0.));
#2811=DIRECTION('center_axis',(0.,0.,-1.));
#2812=DIRECTION('ref_axis',(-0.707106781186553,-0.707106781186542,0.));
#2813=DIRECTION('center_axis',(0.,0.,1.));
#2814=DIRECTION('ref_axis',(-0.707106781186553,-0.707106781186542,0.));
#2815=DIRECTION('',(0.,0.,1.));
#2816=DIRECTION('center_axis',(0.,0.,1.));
#2817=DIRECTION('ref_axis',(-0.707106781186553,-0.707106781186542,0.));
#2818=DIRECTION('',(0.,0.,-1.));
#2819=DIRECTION('center_axis',(1.,0.,0.));
#2820=DIRECTION('ref_axis',(0.,-1.,0.));
#2821=DIRECTION('',(0.,-1.,0.));
#2822=DIRECTION('',(0.,0.,-1.));
#2823=DIRECTION('',(0.,1.,0.));
#2824=DIRECTION('center_axis',(0.,0.,-1.));
#2825=DIRECTION('ref_axis',(-0.707106781186548,0.707106781186547,0.));
#2826=DIRECTION('',(0.,0.,1.));
#2827=DIRECTION('center_axis',(0.,0.,1.));
#2828=DIRECTION('ref_axis',(-0.707106781186548,0.707106781186547,0.));
#2829=DIRECTION('',(0.,0.,-1.));
#2830=DIRECTION('center_axis',(0.,-1.,0.));
#2831=DIRECTION('ref_axis',(-1.,0.,0.));
#2832=DIRECTION('',(0.,0.,-1.));
#2833=DIRECTION('',(1.,0.,0.));
#2834=DIRECTION('',(0.,0.,1.));
#2835=DIRECTION('',(-1.,0.,0.));
#2836=DIRECTION('',(0.,0.,-1.));
#2837=DIRECTION('',(1.,0.,0.));
#2838=DIRECTION('center_axis',(0.,0.,-1.));
#2839=DIRECTION('ref_axis',(-0.707106781186548,0.707106781186548,0.));
#2840=DIRECTION('center_axis',(0.,0.,1.));
#2841=DIRECTION('ref_axis',(-0.707106781186548,0.707106781186548,0.));
#2842=DIRECTION('',(0.,0.,1.));
#2843=DIRECTION('center_axis',(0.,0.,1.));
#2844=DIRECTION('ref_axis',(-0.707106781186548,0.707106781186548,0.));
#2845=DIRECTION('center_axis',(0.,-1.,0.));
#2846=DIRECTION('ref_axis',(-1.,0.,0.));
#2847=DIRECTION('',(-1.,0.,0.));
#2848=DIRECTION('',(0.,0.,-1.));
#2849=DIRECTION('',(1.,0.,0.));
#2850=DIRECTION('center_axis',(0.,0.,-1.));
#2851=DIRECTION('ref_axis',(-0.707106781186548,0.707106781186547,0.));
#2852=DIRECTION('center_axis',(0.,0.,1.));
#2853=DIRECTION('ref_axis',(-0.707106781186548,0.707106781186547,0.));
#2854=DIRECTION('',(0.,0.,1.));
#2855=DIRECTION('center_axis',(0.,0.,1.));
#2856=DIRECTION('ref_axis',(-0.707106781186548,0.707106781186547,0.));
#2857=DIRECTION('center_axis',(0.,-1.,0.));
#2858=DIRECTION('ref_axis',(-1.,0.,0.));
#2859=DIRECTION('',(-1.,0.,0.));
#2860=DIRECTION('',(0.,0.,-1.));
#2861=DIRECTION('',(1.,0.,0.));
#2862=DIRECTION('center_axis',(0.,0.,1.));
#2863=DIRECTION('ref_axis',(0.707106781186547,0.707106781186547,0.));
#2864=DIRECTION('center_axis',(0.,0.,1.));
#2865=DIRECTION('ref_axis',(0.707106781186547,0.707106781186547,0.));
#2866=DIRECTION('',(0.,0.,1.));
#2867=DIRECTION('center_axis',(0.,0.,1.));
#2868=DIRECTION('ref_axis',(0.707106781186547,0.707106781186547,0.));
#2869=DIRECTION('center_axis',(-1.,0.,0.));
#2870=DIRECTION('ref_axis',(0.,1.,0.));
#2871=DIRECTION('',(0.,1.,0.));
#2872=DIRECTION('',(0.,0.,-1.));
#2873=DIRECTION('',(0.,-1.,0.));
#2874=DIRECTION('',(0.,0.,1.));
#2875=DIRECTION('',(0.,1.,0.));
#2876=DIRECTION('',(0.,0.,-1.));
#2877=DIRECTION('',(0.,-1.,0.));
#2878=DIRECTION('center_axis',(0.,0.,-1.));
#2879=DIRECTION('ref_axis',(0.707106781186547,0.707106781186547,0.));
#2880=DIRECTION('center_axis',(0.,0.,1.));
#2881=DIRECTION('ref_axis',(0.707106781186547,0.707106781186547,0.));
#2882=DIRECTION('',(0.,0.,1.));
#2883=DIRECTION('center_axis',(0.,0.,1.));
#2884=DIRECTION('ref_axis',(0.707106781186547,0.707106781186547,0.));
#2885=DIRECTION('center_axis',(-1.,0.,0.));
#2886=DIRECTION('ref_axis',(0.,1.,0.));
#2887=DIRECTION('',(0.,1.,0.));
#2888=DIRECTION('',(0.,0.,-1.));
#2889=DIRECTION('',(0.,-1.,0.));
#2890=DIRECTION('center_axis',(0.,0.,-1.));
#2891=DIRECTION('ref_axis',(0.707106781186547,0.707106781186547,0.));
#2892=DIRECTION('center_axis',(0.,0.,1.));
#2893=DIRECTION('ref_axis',(0.707106781186547,0.707106781186547,0.));
#2894=DIRECTION('',(0.,0.,1.));
#2895=DIRECTION('center_axis',(0.,0.,1.));
#2896=DIRECTION('ref_axis',(0.707106781186547,0.707106781186547,0.));
#2897=DIRECTION('center_axis',(-1.,0.,0.));
#2898=DIRECTION('ref_axis',(0.,1.,0.));
#2899=DIRECTION('',(0.,1.,0.));
#2900=DIRECTION('',(0.,0.,-1.));
#2901=DIRECTION('',(0.,-1.,0.));
#2902=DIRECTION('center_axis',(0.,0.,-1.));
#2903=DIRECTION('ref_axis',(0.707106781186547,0.707106781186547,0.));
#2904=DIRECTION('center_axis',(0.,0.,1.));
#2905=DIRECTION('ref_axis',(0.707106781186547,0.707106781186547,0.));
#2906=DIRECTION('',(0.,0.,1.));
#2907=DIRECTION('center_axis',(0.,0.,1.));
#2908=DIRECTION('ref_axis',(0.707106781186547,0.707106781186547,0.));
#2909=DIRECTION('center_axis',(-1.,0.,0.));
#2910=DIRECTION('ref_axis',(0.,1.,0.));
#2911=DIRECTION('',(0.,1.,0.));
#2912=DIRECTION('',(0.,0.,-1.));
#2913=DIRECTION('',(0.,-1.,0.));
#2914=DIRECTION('center_axis',(0.,0.,-1.));
#2915=DIRECTION('ref_axis',(0.707106781186547,-0.707106781186547,0.));
#2916=DIRECTION('center_axis',(0.,0.,1.));
#2917=DIRECTION('ref_axis',(0.707106781186547,-0.707106781186547,0.));
#2918=DIRECTION('',(0.,0.,1.));
#2919=DIRECTION('center_axis',(0.,0.,1.));
#2920=DIRECTION('ref_axis',(0.707106781186547,-0.707106781186547,0.));
#2921=DIRECTION('center_axis',(0.,0.,-1.));
#2922=DIRECTION('ref_axis',(-1.,0.,0.));
#2923=DIRECTION('',(1.,-1.72333123655299E-14,0.));
#2924=DIRECTION('center_axis',(0.,0.,-1.));
#2925=DIRECTION('ref_axis',(1.,-9.71445132071351E-15,0.));
#2926=DIRECTION('',(1.,-1.50030138462859E-17,0.));
#2927=DIRECTION('center_axis',(0.,0.,1.));
#2928=DIRECTION('ref_axis',(0.921132372943677,0.389249472080761,0.));
#2929=DIRECTION('center_axis',(0.,0.,-1.));
#2930=DIRECTION('ref_axis',(1.,0.,0.));
#2931=DIRECTION('center_axis',(0.,0.,1.));
#2932=DIRECTION('ref_axis',(0.921132372943677,-0.389249472080761,0.));
#2933=DIRECTION('',(0.,-1.,0.));
#2934=DIRECTION('center_axis',(0.,0.,-1.));
#2935=DIRECTION('ref_axis',(2.22044601616309E-15,-1.,0.));
#2936=DIRECTION('',(-1.,-6.95960691684862E-15,0.));
#2937=DIRECTION('center_axis',(0.,0.,-1.));
#2938=DIRECTION('ref_axis',(0.707106781186541,-0.707106781186554,0.));
#2939=DIRECTION('center_axis',(0.,0.,1.));
#2940=DIRECTION('ref_axis',(0.707106781186541,-0.707106781186554,0.));
#2941=DIRECTION('',(0.,0.,1.));
#2942=DIRECTION('center_axis',(0.,0.,1.));
#2943=DIRECTION('ref_axis',(0.707106781186541,-0.707106781186554,0.));
#2944=DIRECTION('center_axis',(0.,0.,-1.));
#2945=DIRECTION('ref_axis',(-1.,0.,0.));
#2946=DIRECTION('',(1.,-1.87350135405495E-14,0.));
#2947=DIRECTION('center_axis',(0.,0.,-1.));
#2948=DIRECTION('ref_axis',(0.707106781186541,-0.707106781186554,0.));
#2949=DIRECTION('center_axis',(0.,0.,1.));
#2950=DIRECTION('ref_axis',(0.707106781186541,-0.707106781186554,0.));
#2951=DIRECTION('',(0.,0.,1.));
#2952=DIRECTION('center_axis',(0.,0.,1.));
#2953=DIRECTION('ref_axis',(0.707106781186541,-0.707106781186554,0.));
#2954=DIRECTION('center_axis',(0.,0.,-1.));
#2955=DIRECTION('ref_axis',(-1.,0.,0.));
#2956=DIRECTION('',(1.,-1.87350135405495E-14,0.));
#2957=DIRECTION('center_axis',(0.,0.,-1.));
#2958=DIRECTION('ref_axis',(0.70710678118654,-0.707106781186555,0.));
#2959=DIRECTION('center_axis',(0.,0.,1.));
#2960=DIRECTION('ref_axis',(0.70710678118654,-0.707106781186555,0.));
#2961=DIRECTION('center_axis',(0.,0.,1.));
#2962=DIRECTION('ref_axis',(0.70710678118654,-0.707106781186555,0.));
#2963=DIRECTION('center_axis',(0.,0.,-1.));
#2964=DIRECTION('ref_axis',(0.921132372943677,0.389249472080761,0.));
#2965=DIRECTION('center_axis',(0.,0.,1.));
#2966=DIRECTION('ref_axis',(0.921132372943677,0.389249472080761,0.));
#2967=DIRECTION('',(0.,0.,-1.));
#2968=DIRECTION('center_axis',(0.,0.,1.));
#2969=DIRECTION('ref_axis',(-1.,-1.22464679914735E-16,0.));
#2970=DIRECTION('center_axis',(0.,0.,1.));
#2971=DIRECTION('ref_axis',(1.,0.,0.));
#2972=DIRECTION('',(0.,0.,1.));
#2973=DIRECTION('center_axis',(0.,0.,1.));
#2974=DIRECTION('ref_axis',(0.921132372943677,-0.389249472080761,0.));
#2975=DIRECTION('center_axis',(0.,0.,1.));
#2976=DIRECTION('ref_axis',(0.921132372943677,-0.389249472080761,0.));
#2977=DIRECTION('center_axis',(0.,0.,-1.));
#2978=DIRECTION('ref_axis',(0.857233039988826,-0.514928650544438,0.));
#2979=DIRECTION('',(0.,0.,1.));
#2980=DIRECTION('center_axis',(0.,0.,1.));
#2981=DIRECTION('ref_axis',(0.857233039988826,-0.514928650544438,0.));
#2982=DIRECTION('',(0.,0.,-1.));
#2983=DIRECTION('center_axis',(0.,0.,1.));
#2984=DIRECTION('ref_axis',(-1.,1.22464679914735E-16,0.));
#2985=DIRECTION('',(0.,0.,-1.));
#2986=DIRECTION('center_axis',(0.,0.,1.));
#2987=DIRECTION('ref_axis',(1.,0.,0.));
#2988=DIRECTION('center_axis',(0.,0.,-1.));
#2989=DIRECTION('ref_axis',(0.70710678118654,-0.707106781186555,0.));
#2990=DIRECTION('center_axis',(0.,0.,1.));
#2991=DIRECTION('ref_axis',(0.70710678118654,-0.707106781186555,0.));
#2992=DIRECTION('',(0.,0.,-1.));
#2993=DIRECTION('center_axis',(-1.,0.,0.));
#2994=DIRECTION('ref_axis',(0.,1.,0.));
#2995=DIRECTION('',(0.,1.,0.));
#2996=DIRECTION('',(0.,0.,1.));
#2997=DIRECTION('center_axis',(0.,0.,1.));
#2998=DIRECTION('ref_axis',(-0.857233039988826,-0.514928650544438,0.));
#2999=DIRECTION('center_axis',(0.,0.,1.));
#3000=DIRECTION('ref_axis',(-0.857233039988826,-0.514928650544438,0.));
#3001=DIRECTION('',(0.,0.,1.));
#3002=DIRECTION('center_axis',(0.,0.,1.));
#3003=DIRECTION('ref_axis',(-0.857233039988826,-0.514928650544438,0.));
#3004=DIRECTION('',(0.,0.,-1.));
#3005=DIRECTION('center_axis',(0.,0.,-1.));
#3006=DIRECTION('ref_axis',(-1.,0.,0.));
#3007=DIRECTION('center_axis',(0.,0.,1.));
#3008=DIRECTION('ref_axis',(-0.707106781186548,0.707106781186548,0.));
#3009=DIRECTION('',(-4.77515279408582E-16,-1.,0.));
#3010=DIRECTION('center_axis',(0.,0.,-1.));
#3011=DIRECTION('ref_axis',(1.,0.,0.));
#3012=DIRECTION('center_axis',(0.,0.,1.));
#3013=DIRECTION('ref_axis',(-0.857233039988825,0.514928650544439,0.));
#3014=DIRECTION('',(-4.77515279408582E-16,-1.,0.));
#3015=DIRECTION('center_axis',(0.,0.,1.));
#3016=DIRECTION('ref_axis',(-0.707106781186556,-0.707106781186539,0.));
#3017=DIRECTION('center_axis',(0.,0.,1.));
#3018=DIRECTION('ref_axis',(1.,0.,0.));
#3019=DIRECTION('center_axis',(0.,0.,1.));
#3020=DIRECTION('ref_axis',(1.,0.,0.));
#3021=DIRECTION('',(0.,0.,1.));
#3022=DIRECTION('center_axis',(0.,0.,1.));
#3023=DIRECTION('ref_axis',(-0.707106781186556,-0.707106781186539,0.));
#3024=DIRECTION('',(0.,0.,1.));
#3025=DIRECTION('center_axis',(0.,0.,1.));
#3026=DIRECTION('ref_axis',(-0.707106781186556,-0.707106781186539,0.));
#3027=DIRECTION('center_axis',(1.,-4.77515279408582E-16,0.));
#3028=DIRECTION('ref_axis',(-4.77515279408582E-16,-1.,0.));
#3029=DIRECTION('',(0.,0.,-1.));
#3030=DIRECTION('',(-4.77515279408582E-16,-1.,0.));
#3031=DIRECTION('center_axis',(0.,0.,-1.));
#3032=DIRECTION('ref_axis',(-0.857233039988825,0.514928650544439,0.));
#3033=DIRECTION('center_axis',(0.,0.,1.));
#3034=DIRECTION('ref_axis',(-0.857233039988825,0.514928650544439,0.));
#3035=DIRECTION('center_axis',(0.,0.,-1.));
#3036=DIRECTION('ref_axis',(-0.707106781186548,0.707106781186548,0.));
#3037=DIRECTION('center_axis',(0.,0.,1.));
#3038=DIRECTION('ref_axis',(-0.707106781186548,0.707106781186548,0.));
#3039=DIRECTION('',(0.,0.,-1.));
#3040=DIRECTION('center_axis',(1.,-4.77515279408582E-16,0.));
#3041=DIRECTION('ref_axis',(-4.77515279408582E-16,-1.,0.));
#3042=DIRECTION('',(-4.77515279408582E-16,-1.,0.));
#3043=DIRECTION('center_axis',(0.,0.,1.));
#3044=DIRECTION('ref_axis',(0.857233039988826,0.514928650544438,0.));
#3045=DIRECTION('center_axis',(0.,0.,1.));
#3046=DIRECTION('ref_axis',(0.857233039988826,0.514928650544438,0.));
#3047=DIRECTION('center_axis',(0.,0.,1.));
#3048=DIRECTION('ref_axis',(0.707106781186548,0.707106781186548,0.));
#3049=DIRECTION('',(0.,0.,1.));
#3050=DIRECTION('center_axis',(0.,0.,1.));
#3051=DIRECTION('ref_axis',(0.707106781186548,0.707106781186548,0.));
#3052=DIRECTION('center_axis',(-1.,0.,0.));
#3053=DIRECTION('ref_axis',(0.,1.,0.));
#3054=DIRECTION('',(0.,1.,0.));
#3055=DIRECTION('center_axis',(0.,0.,1.));
#3056=DIRECTION('ref_axis',(1.,0.,0.));
#3057=DIRECTION('',(1.,0.,0.));
#3058=DIRECTION('',(1.48050300586588E-16,-1.,0.));
#3059=DIRECTION('',(-1.,0.,0.));
#3060=DIRECTION('',(0.,1.,0.));
#3061=DIRECTION('center_axis',(0.,0.,1.));
#3062=DIRECTION('ref_axis',(1.,0.,0.));
#3063=DIRECTION('',(1.,0.,0.));
#3064=DIRECTION('',(1.48050300586588E-16,-1.,0.));
#3065=DIRECTION('',(-1.,0.,0.));
#3066=DIRECTION('',(0.,1.,0.));
#3067=DIRECTION('center_axis',(0.,0.707106781186547,-0.707106781186548));
#3068=DIRECTION('ref_axis',(-1.,0.,0.));
#3069=DIRECTION('',(0.,0.707106781186548,0.707106781186547));
#3070=DIRECTION('',(1.04687371501483E-16,-0.707106781186548,-0.707106781186547));
#3071=DIRECTION('',(-1.,0.,0.));
#3072=DIRECTION('',(0.,0.707106781186548,0.707106781186547));
#3073=DIRECTION('',(-1.,0.,0.));
#3074=DIRECTION('',(1.04687371501483E-16,-0.707106781186548,-0.707106781186547));
#3075=DIRECTION('',(-1.,0.,0.));
#3076=DIRECTION('',(0.,-0.707106781186547,-0.707106781186548));
#3077=DIRECTION('',(1.,0.,0.));
#3078=DIRECTION('',(0.,-0.707106781186548,-0.707106781186547));
#3079=DIRECTION('',(-1.,0.,0.));
#3080=DIRECTION('',(0.,0.707106781186548,0.707106781186547));
#3081=DIRECTION('',(-1.,0.,0.));
#3082=DIRECTION('',(1.04687371501483E-16,-0.707106781186548,-0.707106781186547));
#3083=DIRECTION('',(-1.,0.,0.));
#3084=DIRECTION('',(0.,0.707106781186548,0.707106781186547));
#3085=DIRECTION('',(1.04687371501483E-16,-0.707106781186548,-0.707106781186547));
#3086=DIRECTION('',(-1.,0.,0.));
#3087=DIRECTION('',(8.17870089855339E-19,0.707106781186548,0.707106781186547));
#3088=DIRECTION('',(-1.,0.,0.));
#3089=DIRECTION('',(9.1601450063798E-17,-0.707106781186548,-0.707106781186547));
#3090=DIRECTION('',(-1.,0.,0.));
#3091=DIRECTION('center_axis',(0.,0.,1.));
#3092=DIRECTION('ref_axis',(1.,0.,0.));
#3093=DIRECTION('',(0.,1.,0.));
#3094=DIRECTION('',(1.,0.,0.));
#3095=DIRECTION('',(1.48050300586588E-16,-1.,0.));
#3096=DIRECTION('center_axis',(-1.,-1.48050300586588E-16,0.));
#3097=DIRECTION('ref_axis',(1.48050300586588E-16,-1.,0.));
#3098=DIRECTION('',(1.04687371501483E-16,-0.707106781186548,0.707106781186547));
#3099=DIRECTION('',(1.48050300586588E-16,-1.,0.));
#3100=DIRECTION('center_axis',(1.,0.,0.));
#3101=DIRECTION('ref_axis',(0.,1.,0.));
#3102=DIRECTION('',(0.,1.,0.));
#3103=DIRECTION('',(0.,0.707106781186548,-0.707106781186547));
#3104=DIRECTION('center_axis',(-1.,-1.48050300586588E-16,0.));
#3105=DIRECTION('ref_axis',(1.48050300586588E-16,-1.,0.));
#3106=DIRECTION('',(1.04687371501483E-16,-0.707106781186548,0.707106781186547));
#3107=DIRECTION('',(1.48050300586588E-16,-1.,0.));
#3108=DIRECTION('center_axis',(1.,0.,0.));
#3109=DIRECTION('ref_axis',(0.,1.,0.));
#3110=DIRECTION('',(0.,1.,0.));
#3111=DIRECTION('',(0.,0.707106781186548,-0.707106781186547));
#3112=DIRECTION('center_axis',(0.,0.,1.));
#3113=DIRECTION('ref_axis',(1.,0.,0.));
#3114=DIRECTION('',(1.15664297333272E-18,1.,0.));
#3115=DIRECTION('',(1.,0.,0.));
#3116=DIRECTION('',(1.29544013013265E-16,-1.,0.));
#3117=DIRECTION('center_axis',(-1.,-1.29544013013265E-16,0.));
#3118=DIRECTION('ref_axis',(1.29544013013265E-16,-1.,0.));
#3119=DIRECTION('',(9.1601450063798E-17,-0.707106781186548,0.707106781186547));
#3120=DIRECTION('',(1.29544013013265E-16,-1.,0.));
#3121=DIRECTION('center_axis',(1.,-1.15664297333272E-18,0.));
#3122=DIRECTION('ref_axis',(1.15664297333272E-18,1.,0.));
#3123=DIRECTION('',(1.15664297333272E-18,1.,0.));
#3124=DIRECTION('',(8.17870089855339E-19,0.707106781186548,-0.707106781186547));
#3125=DIRECTION('center_axis',(0.,0.,1.));
#3126=DIRECTION('ref_axis',(1.,0.,0.));
#3127=DIRECTION('',(0.,1.,0.));
#3128=DIRECTION('',(1.,0.,0.));
#3129=DIRECTION('',(1.48050300586588E-16,-1.,0.));
#3130=DIRECTION('center_axis',(-1.,-1.48050300586588E-16,0.));
#3131=DIRECTION('ref_axis',(1.48050300586588E-16,-1.,0.));
#3132=DIRECTION('',(1.04687371501483E-16,-0.707106781186548,0.707106781186547));
#3133=DIRECTION('',(1.48050300586588E-16,-1.,0.));
#3134=DIRECTION('center_axis',(1.,0.,0.));
#3135=DIRECTION('ref_axis',(0.,1.,0.));
#3136=DIRECTION('',(0.,1.,0.));
#3137=DIRECTION('',(0.,0.707106781186548,-0.707106781186547));
#3138=DIRECTION('center_axis',(-1.,-1.48050300586588E-16,0.));
#3139=DIRECTION('ref_axis',(1.48050300586588E-16,-1.,0.));
#3140=DIRECTION('',(1.04687371501483E-16,-0.707106781186548,0.707106781186547));
#3141=DIRECTION('',(1.48050300586588E-16,-1.,0.));
#3142=DIRECTION('center_axis',(1.,0.,0.));
#3143=DIRECTION('ref_axis',(0.,1.,0.));
#3144=DIRECTION('',(0.,1.,0.));
#3145=DIRECTION('',(0.,0.707106781186548,-0.707106781186547));
#3146=DIRECTION('center_axis',(0.,0.,-1.));
#3147=DIRECTION('ref_axis',(-1.,0.,0.));
#3148=DIRECTION('',(1.,0.,0.));
#3149=DIRECTION('center_axis',(0.,0.,1.));
#3150=DIRECTION('ref_axis',(-1.,-3.14563190310462E-15,0.));
#3151=DIRECTION('',(6.41462192005646E-15,-1.,0.));
#3152=DIRECTION('center_axis',(0.,0.,1.));
#3153=DIRECTION('ref_axis',(2.96059473233375E-15,1.,0.));
#3154=DIRECTION('center_axis',(0.,0.,-1.));
#3155=DIRECTION('ref_axis',(-1.,0.,0.));
#3156=DIRECTION('',(1.,0.,0.));
#3157=DIRECTION('center_axis',(0.,0.,1.));
#3158=DIRECTION('ref_axis',(1.,0.,0.));
#3159=DIRECTION('center_axis',(0.,0.,-1.));
#3160=DIRECTION('ref_axis',(-1.,0.,0.));
#3161=DIRECTION('',(1.,0.,0.));
#3162=DIRECTION('center_axis',(0.,0.,1.));
#3163=DIRECTION('ref_axis',(1.,0.,0.));
#3164=DIRECTION('center_axis',(0.,0.,-1.));
#3165=DIRECTION('ref_axis',(-1.,0.,0.));
#3166=DIRECTION('',(1.,0.,0.));
#3167=DIRECTION('center_axis',(0.,0.,-1.));
#3168=DIRECTION('ref_axis',(-1.,0.,0.));
#3169=DIRECTION('',(1.,0.,0.));
#3170=DIRECTION('center_axis',(0.,0.,-1.));
#3171=DIRECTION('ref_axis',(-1.,0.,0.));
#3172=DIRECTION('center_axis',(0.,0.,1.));
#3173=DIRECTION('ref_axis',(1.,-3.70074341541719E-16,0.));
#3174=DIRECTION('',(0.,1.,0.));
#3175=DIRECTION('center_axis',(0.,0.,1.));
#3176=DIRECTION('ref_axis',(0.,-1.,0.));
#3177=DIRECTION('',(1.,0.,0.));
#3178=DIRECTION('center_axis',(0.,0.,1.));
#3179=DIRECTION('ref_axis',(1.,0.,0.));
#3180=DIRECTION('',(0.,0.,1.));
#3181=DIRECTION('center_axis',(0.,0.,1.));
#3182=DIRECTION('ref_axis',(1.,0.,0.));
#3183=DIRECTION('center_axis',(0.,0.,-1.));
#3184=DIRECTION('ref_axis',(1.,0.,0.));
#3185=DIRECTION('center_axis',(0.,0.,1.));
#3186=DIRECTION('ref_axis',(1.,0.,0.));
#3187=DIRECTION('',(0.,0.,1.));
#3188=DIRECTION('center_axis',(0.,0.,1.));
#3189=DIRECTION('ref_axis',(1.,0.,0.));
#3190=DIRECTION('center_axis',(0.,0.,-1.));
#3191=DIRECTION('ref_axis',(1.,0.,0.));
#3192=DIRECTION('center_axis',(0.,0.,-1.));
#3193=DIRECTION('ref_axis',(1.,0.,0.));
#3194=DIRECTION('center_axis',(0.,0.,-1.));
#3195=DIRECTION('ref_axis',(1.,0.,0.));
#3196=DIRECTION('center_axis',(0.,0.,1.));
#3197=DIRECTION('ref_axis',(2.96059473233375E-15,1.,0.));
#3198=DIRECTION('',(-0.707106781186546,-3.92523114670944E-15,0.707106781186549));
#3199=DIRECTION('center_axis',(0.,0.,-1.));
#3200=DIRECTION('ref_axis',(2.96059473233375E-15,1.,0.));
#3201=DIRECTION('center_axis',(0.,0.,1.));
#3202=DIRECTION('ref_axis',(1.,-3.70074341541719E-16,0.));
#3203=DIRECTION('',(-0.707106781186546,0.,-0.707106781186549));
#3204=DIRECTION('center_axis',(0.,0.,-1.));
#3205=DIRECTION('ref_axis',(1.,-3.70074341541719E-16,0.));
#3206=DIRECTION('center_axis',(0.707106781186549,0.,-0.707106781186546));
#3207=DIRECTION('ref_axis',(-0.707106781186546,0.,-0.707106781186549));
#3208=DIRECTION('',(-0.707106781186546,0.,-0.707106781186549));
#3209=DIRECTION('',(0.,-1.,0.));
#3210=DIRECTION('center_axis',(0.,0.,1.));
#3211=DIRECTION('ref_axis',(0.,-1.,0.));
#3212=DIRECTION('',(0.,0.707106781186547,-0.707106781186548));
#3213=DIRECTION('center_axis',(0.,0.,-1.));
#3214=DIRECTION('ref_axis',(0.,-1.,0.));
#3215=DIRECTION('center_axis',(0.,-0.707106781186547,-0.707106781186548));
#3216=DIRECTION('ref_axis',(-1.,0.,0.));
#3217=DIRECTION('',(-1.,0.,0.));
#3218=DIRECTION('',(0.,0.707106781186548,-0.707106781186547));
#3219=DIRECTION('center_axis',(0.,0.,1.));
#3220=DIRECTION('ref_axis',(-1.,-3.14563190310462E-15,0.));
#3221=DIRECTION('',(0.707106781186549,2.35513868802566E-15,-0.707106781186546));
#3222=DIRECTION('center_axis',(0.,0.,-1.));
#3223=DIRECTION('ref_axis',(-1.,-3.14563190310462E-15,0.));
#3224=DIRECTION('center_axis',(-0.707106781186549,-4.5358226584198E-15,
-0.707106781186546));
#3225=DIRECTION('ref_axis',(-0.707106781186546,0.,0.707106781186549));
#3226=DIRECTION('',(-6.41462192005646E-15,1.,0.));
#3227=DIRECTION('center_axis',(1.,0.,0.));
#3228=DIRECTION('ref_axis',(0.,1.,0.));
#3229=DIRECTION('',(0.,0.,1.));
#3230=DIRECTION('',(0.,1.,0.));
#3231=DIRECTION('',(0.,0.,1.));
#3232=DIRECTION('center_axis',(0.,0.,1.));
#3233=DIRECTION('ref_axis',(1.,-3.70074341541719E-16,0.));
#3234=DIRECTION('',(0.,0.,-1.));
#3235=DIRECTION('center_axis',(0.,0.,1.));
#3236=DIRECTION('ref_axis',(1.,-3.70074341541719E-16,0.));
#3237=DIRECTION('center_axis',(0.,1.,0.));
#3238=DIRECTION('ref_axis',(-1.,0.,0.));
#3239=DIRECTION('',(0.,0.,1.));
#3240=DIRECTION('',(-1.,0.,0.));
#3241=DIRECTION('center_axis',(0.,0.,1.));
#3242=DIRECTION('ref_axis',(2.96059473233375E-15,1.,0.));
#3243=DIRECTION('',(0.,0.,1.));
#3244=DIRECTION('center_axis',(0.,0.,1.));
#3245=DIRECTION('ref_axis',(2.96059473233375E-15,1.,0.));
#3246=DIRECTION('center_axis',(1.,0.,0.));
#3247=DIRECTION('ref_axis',(0.,0.,1.));
#3248=DIRECTION('center_axis',(1.,6.41462192005646E-15,0.));
#3249=DIRECTION('ref_axis',(0.,0.,1.));
#3250=DIRECTION('',(1.,0.,0.));
#3251=DIRECTION('center_axis',(0.,0.,-1.));
#3252=DIRECTION('ref_axis',(0.,1.,0.));
#3253=DIRECTION('',(-6.41462192005646E-15,1.,0.));
#3254=DIRECTION('center_axis',(1.,0.,0.));
#3255=DIRECTION('ref_axis',(0.,-1.,0.));
#3256=DIRECTION('',(0.,1.,0.));
#3257=DIRECTION('center_axis',(1.87350135405495E-14,1.,0.));
#3258=DIRECTION('ref_axis',(1.,-1.87350135405495E-14,0.));
#3259=DIRECTION('',(-1.,1.87350135405495E-14,0.));
#3260=DIRECTION('center_axis',(1.87350135405495E-14,1.,0.));
#3261=DIRECTION('ref_axis',(1.,-1.87350135405495E-14,0.));
#3262=DIRECTION('',(-1.,1.87350135405495E-14,0.));
#3263=DIRECTION('center_axis',(1.50030138462859E-17,1.,0.));
#3264=DIRECTION('ref_axis',(-1.,1.50030138462859E-17,0.));
#3265=DIRECTION('',(-1.,1.50030138462859E-17,0.));
#3266=DIRECTION('',(0.,0.,1.));
#3267=DIRECTION('',(-1.,1.50030138462859E-17,0.));
#3268=DIRECTION('',(0.,0.,1.));
#3269=DIRECTION('',(-1.,1.50030138462859E-17,0.));
#3270=DIRECTION('center_axis',(0.,0.,-1.));
#3271=DIRECTION('ref_axis',(-1.,0.,0.));
#3272=DIRECTION('center_axis',(0.,0.,1.));
#3273=DIRECTION('ref_axis',(1.,0.,0.));
#3274=DIRECTION('center_axis',(0.,0.,-1.));
#3275=DIRECTION('ref_axis',(-1.,0.,0.));
#3276=DIRECTION('center_axis',(0.,0.,1.));
#3277=DIRECTION('ref_axis',(1.,0.,0.));
#3278=DIRECTION('center_axis',(0.,0.,-1.));
#3279=DIRECTION('ref_axis',(-1.,0.,0.));
#3280=DIRECTION('center_axis',(0.,0.,1.));
#3281=DIRECTION('ref_axis',(1.,0.,0.));
#3282=DIRECTION('center_axis',(0.,0.,-1.));
#3283=DIRECTION('ref_axis',(-1.,0.,0.));
#3284=DIRECTION('center_axis',(0.,0.,1.));
#3285=DIRECTION('ref_axis',(1.,0.,0.));
#3286=DIRECTION('center_axis',(0.,0.,1.));
#3287=DIRECTION('ref_axis',(1.,0.,0.));
#3288=DIRECTION('',(-1.,1.85037170770864E-14,0.));
#3289=DIRECTION('center_axis',(0.,0.,-1.));
#3290=DIRECTION('ref_axis',(-1.,-2.06553120860495E-15,0.));
#3291=DIRECTION('center_axis',(0.,0.,1.));
#3292=DIRECTION('ref_axis',(1.,-9.71445132071351E-15,0.));
#3293=DIRECTION('center_axis',(0.,0.,-1.));
#3294=DIRECTION('ref_axis',(1.,0.,0.));
#3295=DIRECTION('center_axis',(0.,0.,1.));
#3296=DIRECTION('ref_axis',(1.,0.,0.));
#3297=DIRECTION('',(0.,-1.,0.));
#3298=DIRECTION('center_axis',(0.,0.,-1.));
#3299=DIRECTION('ref_axis',(1.,-7.74574203226854E-16,0.));
#3300=DIRECTION('center_axis',(0.,0.,-1.));
#3301=DIRECTION('ref_axis',(-2.06553120860495E-15,-1.,0.));
#3302=DIRECTION('center_axis',(0.,0.,-1.));
#3303=DIRECTION('ref_axis',(1.,0.,0.));
#3304=DIRECTION('center_axis',(0.,0.,-1.));
#3305=DIRECTION('ref_axis',(1.,0.,0.));
#3306=DIRECTION('center_axis',(0.,0.,-1.));
#3307=DIRECTION('ref_axis',(1.,0.,0.));
#3308=DIRECTION('',(0.,0.,1.));
#3309=DIRECTION('center_axis',(0.,0.,-1.));
#3310=DIRECTION('ref_axis',(1.,0.,0.));
#3311=DIRECTION('',(0.,0.,1.));
#3312=DIRECTION('center_axis',(0.,0.,-1.));
#3313=DIRECTION('ref_axis',(1.,0.,0.));
#3314=DIRECTION('',(0.,0.,1.));
#3315=DIRECTION('center_axis',(0.,0.,-1.));
#3316=DIRECTION('ref_axis',(1.,0.,0.));
#3317=DIRECTION('',(0.,0.,1.));
#3318=DIRECTION('center_axis',(6.95960691684862E-15,-1.,0.));
#3319=DIRECTION('ref_axis',(-1.,-6.95960691684862E-15,0.));
#3320=DIRECTION('',(0.,0.,-1.));
#3321=DIRECTION('center_axis',(0.,0.,-1.));
#3322=DIRECTION('ref_axis',(2.22044601616309E-15,-1.,0.));
#3323=DIRECTION('',(0.,0.,-1.));
#3324=DIRECTION('center_axis',(1.,0.,0.));
#3325=DIRECTION('ref_axis',(0.,-1.,0.));
#3326=DIRECTION('center_axis',(0.,0.,-1.));
#3327=DIRECTION('ref_axis',(1.,-9.71445132071351E-15,0.));
#3328=DIRECTION('',(0.,0.,-1.));
#3329=DIRECTION('center_axis',(1.72333123655299E-14,1.,0.));
#3330=DIRECTION('ref_axis',(1.,-1.72333123655299E-14,0.));
#3331=DIRECTION('center_axis',(0.,0.,1.));
#3332=DIRECTION('ref_axis',(-1.,-2.06553120860495E-15,0.));
#3333=DIRECTION('center_axis',(0.,0.,-1.));
#3334=DIRECTION('ref_axis',(-1.,-2.06553120860495E-15,0.));
#3335=DIRECTION('center_axis',(0.,0.,1.));
#3336=DIRECTION('ref_axis',(-2.06553120860495E-15,-1.,0.));
#3337=DIRECTION('center_axis',(0.,0.,-1.));
#3338=DIRECTION('ref_axis',(-2.06553120860495E-15,-1.,0.));
#3339=DIRECTION('',(0.,0.,1.));
#3340=DIRECTION('center_axis',(-1.,0.,0.));
#3341=DIRECTION('ref_axis',(0.,-1.,0.));
#3342=DIRECTION('',(0.,-1.,0.));
#3343=DIRECTION('',(0.,0.,1.));
#3344=DIRECTION('center_axis',(0.,0.,1.));
#3345=DIRECTION('ref_axis',(1.,-7.74574203226854E-16,0.));
#3346=DIRECTION('center_axis',(0.,0.,-1.));
#3347=DIRECTION('ref_axis',(1.,-7.74574203226854E-16,0.));
#3348=DIRECTION('center_axis',(0.,0.,1.));
#3349=DIRECTION('ref_axis',(4.13106241720988E-15,1.,0.));
#3350=DIRECTION('center_axis',(0.,0.,-1.));
#3351=DIRECTION('ref_axis',(4.13106241720988E-15,1.,0.));
#3352=DIRECTION('center_axis',(0.,0.,1.));
#3353=DIRECTION('ref_axis',(0.,-1.,0.));
#3354=DIRECTION('center_axis',(0.,0.,1.));
#3355=DIRECTION('ref_axis',(0.,-1.,0.));
#3356=DIRECTION('',(0.,0.,1.));
#3357=DIRECTION('center_axis',(0.,-1.,0.));
#3358=DIRECTION('ref_axis',(1.,0.,0.));
#3359=DIRECTION('',(1.,0.,0.));
#3360=DIRECTION('',(0.,0.,1.));
#3361=DIRECTION('center_axis',(0.,0.,1.));
#3362=DIRECTION('ref_axis',(-1.,-3.14563190310462E-15,0.));
#3363=DIRECTION('center_axis',(0.,0.,1.));
#3364=DIRECTION('ref_axis',(-1.,-3.14563190310462E-15,0.));
#3365=DIRECTION('',(0.,0.,1.));
#3366=DIRECTION('center_axis',(-1.,-6.41462192005646E-15,0.));
#3367=DIRECTION('ref_axis',(6.41462192005646E-15,-1.,0.));
#3368=DIRECTION('',(6.41462192005646E-15,-1.,0.));
#3369=DIRECTION('center_axis',(0.,0.,1.));
#3370=DIRECTION('ref_axis',(1.,0.,0.));
#3371=CARTESIAN_POINT('',(0.,0.,0.));
#3372=CARTESIAN_POINT('Origin',(-78.2999999999977,-5.80000007450448,0.600000000000002));
#3373=CARTESIAN_POINT('',(-78.9999999999978,5.80000007450548,0.600000000000001));
#3374=CARTESIAN_POINT('',(-78.9999999999977,-5.80000007450448,0.600000000000002));
#3375=CARTESIAN_POINT('',(-78.9999999999977,-2.90000003725199,0.600000000000001));
#3376=CARTESIAN_POINT('',(-78.2999999999977,5.80000007450548,0.600000000000001));
#3377=CARTESIAN_POINT('',(-78.2999999999977,5.80000007450548,0.600000000000001));
#3378=CARTESIAN_POINT('',(-78.2999999999977,-5.80000007450448,0.600000000000002));
#3379=CARTESIAN_POINT('',(-78.2999999999977,-7.40000003725204,0.600000000000002));
#3380=CARTESIAN_POINT('',(-78.2999999999977,-5.80000007450448,0.600000000000002));
#3381=CARTESIAN_POINT('Origin',(-78.9999999999977,5.08235429050627E-13,
-1.8));
#3382=CARTESIAN_POINT('',(-78.9999999999977,-5.80000007450448,-4.2));
#3383=CARTESIAN_POINT('',(-78.9999999999978,5.80000007450548,-4.2));
#3384=CARTESIAN_POINT('',(-78.9999999999977,2.90000003725299,-4.2));
#3385=CARTESIAN_POINT('',(-78.9999999999978,5.80000007450548,-0.599999999999999));
#3386=CARTESIAN_POINT('',(-78.9999999999977,-5.80000007450448,-3.));
#3387=CARTESIAN_POINT('',(-78.9999999999977,2.7750000000014,-0.25));
#3388=CARTESIAN_POINT('',(-78.9999999999977,-2.7749999999986,-0.25));
#3389=CARTESIAN_POINT('',(-78.9999999999977,1.38750000000071,-0.25));
#3390=CARTESIAN_POINT('',(-78.9999999999977,2.7750000000014,-3.35));
#3391=CARTESIAN_POINT('Origin',(-78.9999999999977,2.7750000000009,-1.8));
#3392=CARTESIAN_POINT('',(-78.9999999999977,-2.7749999999986,-3.35));
#3393=CARTESIAN_POINT('',(-78.9999999999977,-1.38749999999929,-3.35));
#3394=CARTESIAN_POINT('Origin',(-78.9999999999977,-2.7749999999991,-1.8));
#3395=CARTESIAN_POINT('Origin',(-79.9999999999977,2.7750000000009,-0.25));
#3396=CARTESIAN_POINT('',(-79.9999999999977,-2.7749999999991,-0.25));
#3397=CARTESIAN_POINT('',(-79.9999999999977,-2.7749999999991,-0.25));
#3398=CARTESIAN_POINT('',(-79.9999999999977,2.7750000000009,-0.25));
#3399=CARTESIAN_POINT('',(-79.9999999999978,5.88750000000064,-0.25));
#3400=CARTESIAN_POINT('',(-79.9999999999977,2.7750000000009,-0.25));
#3401=CARTESIAN_POINT('Origin',(-79.9999999999977,-2.7749999999991,-1.8));
#3402=CARTESIAN_POINT('',(-79.9999999999977,-2.7749999999991,-3.35));
#3403=CARTESIAN_POINT('',(-79.9999999999977,-2.7749999999991,-3.35));
#3404=CARTESIAN_POINT('Origin',(-79.9999999999978,-2.7749999999991,-1.8));
#3405=CARTESIAN_POINT('Origin',(-78.2999999999977,-8.9999999999996,0.));
#3406=CARTESIAN_POINT('',(-78.2999999999977,3.40000007450504,-4.2));
#3407=CARTESIAN_POINT('',(-78.2999999999977,-3.40000007450504,-4.2));
#3408=CARTESIAN_POINT('',(-78.2999999999977,-1.59999996274706,-4.2));
#3409=CARTESIAN_POINT('',(-78.2999999999977,-3.40000007450504,-6.));
#3410=CARTESIAN_POINT('',(-78.2999999999977,-3.40000007450504,0.));
#3411=CARTESIAN_POINT('',(-78.2999999999977,3.40000007450578,-6.));
#3412=CARTESIAN_POINT('',(-78.2999999999978,9.0000000000004,-6.));
#3413=CARTESIAN_POINT('',(-78.2999999999977,3.40000007450578,0.));
#3414=CARTESIAN_POINT('Origin',(-78.2999999999977,-8.9999999999996,0.));
#3415=CARTESIAN_POINT('',(-78.2999999999977,-5.80000007450498,0.));
#3416=CARTESIAN_POINT('',(-78.2999999999977,-5.80000007450448,-2.1));
#3417=CARTESIAN_POINT('',(-78.2999999999977,5.80000007450498,0.));
#3418=CARTESIAN_POINT('',(-78.2999999999978,5.80000007450548,0.3));
#3419=CARTESIAN_POINT('',(-78.2999999999978,9.0000000000004,0.));
#3420=CARTESIAN_POINT('',(-78.2999999999978,9.0000000000004,0.));
#3421=CARTESIAN_POINT('',(-78.2999999999978,9.0000000000004,1.6));
#3422=CARTESIAN_POINT('',(-78.2999999999978,9.0000000000004,0.));
#3423=CARTESIAN_POINT('',(-78.2999999999977,-8.9999999999996,1.6));
#3424=CARTESIAN_POINT('',(-78.2999999999978,9.0000000000004,1.6));
#3425=CARTESIAN_POINT('',(-78.2999999999977,-8.9999999999996,0.));
#3426=CARTESIAN_POINT('',(-78.2999999999977,-8.9999999999996,0.));
#3427=CARTESIAN_POINT('',(-78.2999999999978,9.0000000000004,0.));
#3428=CARTESIAN_POINT('Origin',(2.20268248085631E-12,4.2632564145606E-13,
0.));
#3429=CARTESIAN_POINT('',(-71.5999999006573,5.80000007450582,0.));
#3430=CARTESIAN_POINT('',(-78.2999999999978,5.80000007450578,0.));
#3431=CARTESIAN_POINT('',(-70.0000010430813,9.00000013411045,0.));
#3432=CARTESIAN_POINT('Origin',(-74.0000011026859,9.00000013411045,0.));
#3433=CARTESIAN_POINT('',(-70.0000010430813,10.9000000000004,0.));
#3434=CARTESIAN_POINT('',(-70.0000010430813,9.00000013411045,0.));
#3435=CARTESIAN_POINT('',(-67.6000010430813,13.3000000000004,0.));
#3436=CARTESIAN_POINT('Origin',(-67.6000010430813,10.9000000000004,0.));
#3437=CARTESIAN_POINT('',(-73.9999999999978,13.3000000000004,0.));
#3438=CARTESIAN_POINT('',(74.0000000000022,13.3000000000004,0.));
#3439=CARTESIAN_POINT('Origin',(-73.9999999999978,9.00000000000043,0.));
#3440=CARTESIAN_POINT('',(-75.6999999999978,9.00000000000043,0.));
#3441=CARTESIAN_POINT('Origin',(-73.9999999999978,9.00000000000043,0.));
#3442=CARTESIAN_POINT('Origin',(-75.8999999999977,3.40000007450579,0.));
#3443=CARTESIAN_POINT('',(-75.8999999999977,5.80000007450502,-4.2));
#3444=CARTESIAN_POINT('Origin',(-75.8999999999977,3.40000007450579,-4.2));
#3445=CARTESIAN_POINT('',(-75.8999999999978,5.80000007450579,-6.));
#3446=CARTESIAN_POINT('Origin',(-75.8999999999977,3.40000007450579,-6.));
#3447=CARTESIAN_POINT('',(-75.8999999999978,5.80000007450579,0.));
#3448=CARTESIAN_POINT('Origin',(-77.0999999999977,-4.60000007450503,-4.2));
#3449=CARTESIAN_POINT('',(-75.8999999999977,-5.80000007450502,-4.2));
#3450=CARTESIAN_POINT('',(-78.2999999999977,-5.80000007450448,-4.2));
#3451=CARTESIAN_POINT('Origin',(-75.8999999999977,-3.40000007450502,-4.2));
#3452=CARTESIAN_POINT('',(-75.8999999999977,5.80000007450502,-4.2));
#3453=CARTESIAN_POINT('Origin',(-75.8999999999977,-3.40000007450502,0.));
#3454=CARTESIAN_POINT('',(-75.8999999999977,-5.80000007450502,-6.));
#3455=CARTESIAN_POINT('',(-75.8999999999977,-5.80000007450502,0.));
#3456=CARTESIAN_POINT('Origin',(-75.8999999999977,-3.40000007450502,-6.));
#3457=CARTESIAN_POINT('Origin',(-67.6000010430814,-10.8999999999996,0.));
#3458=CARTESIAN_POINT('',(-70.0000010430814,-10.8999999999995,-6.));
#3459=CARTESIAN_POINT('',(-67.6000010430814,-13.2999999999996,-6.));
#3460=CARTESIAN_POINT('Origin',(-67.6000010430814,-10.8999999999996,-6.));
#3461=CARTESIAN_POINT('',(-70.0000010430814,-10.8999999999995,0.));
#3462=CARTESIAN_POINT('',(-70.0000010430814,-10.8999999999995,0.));
#3463=CARTESIAN_POINT('',(-67.6000010430814,-13.2999999999996,0.));
#3464=CARTESIAN_POINT('Origin',(-67.6000010430814,-10.8999999999996,0.));
#3465=CARTESIAN_POINT('',(-67.6000010430814,-13.2999999999996,0.));
#3466=CARTESIAN_POINT('Origin',(-70.0000010430814,-9.00000013410974,0.));
#3467=CARTESIAN_POINT('',(-70.0000010430814,-9.00000013410974,-6.));
#3468=CARTESIAN_POINT('',(-70.0000010430814,-9.00000013410974,-6.));
#3469=CARTESIAN_POINT('',(-70.0000010430814,-9.00000013410974,0.));
#3470=CARTESIAN_POINT('',(-70.0000010430814,-9.00000013410974,0.));
#3471=CARTESIAN_POINT('',(-70.0000010430814,-9.00000013410974,0.));
#3472=CARTESIAN_POINT('Origin',(-67.6000010430813,10.9000000000004,0.));
#3473=CARTESIAN_POINT('',(-67.6000010430813,13.3000000000004,-6.));
#3474=CARTESIAN_POINT('',(-70.0000010430813,10.9000000000004,-6.));
#3475=CARTESIAN_POINT('Origin',(-67.6000010430813,10.9000000000004,-6.));
#3476=CARTESIAN_POINT('',(-67.6000010430813,13.3000000000004,0.));
#3477=CARTESIAN_POINT('',(-70.0000010430813,10.9000000000004,0.));
#3478=CARTESIAN_POINT('Origin',(-73.9999999999978,13.3000000000004,0.));
#3479=CARTESIAN_POINT('',(-56.4,13.3000000000004,-6.));
#3480=CARTESIAN_POINT('',(74.0000000000022,13.3000000000004,-6.));
#3481=CARTESIAN_POINT('',(-56.4,13.3000000000004,0.));
#3482=CARTESIAN_POINT('',(-56.4,13.3000000000004,0.));
#3483=CARTESIAN_POINT('',(74.0000000000022,13.3000000000004,0.));
#3484=CARTESIAN_POINT('',(74.0000000000022,13.3000000000004,0.));
#3485=CARTESIAN_POINT('',(74.0000000000022,13.3000000000004,1.6));
#3486=CARTESIAN_POINT('',(74.0000000000022,13.3000000000004,0.));
#3487=CARTESIAN_POINT('',(-73.9999999999978,13.3000000000004,1.6));
#3488=CARTESIAN_POINT('',(74.0000000000022,13.3000000000004,1.6));
#3489=CARTESIAN_POINT('',(-73.9999999999978,13.3000000000004,0.));
#3490=CARTESIAN_POINT('Origin',(36.4,-6.90000000000111,0.));
#3491=CARTESIAN_POINT('',(34.,-6.90000000000111,-6.));
#3492=CARTESIAN_POINT('',(36.3999999999999,-9.30000000000111,-6.));
#3493=CARTESIAN_POINT('Origin',(36.4,-6.90000000000111,-6.));
#3494=CARTESIAN_POINT('',(34.,-6.90000000000111,0.));
#3495=CARTESIAN_POINT('',(34.,-6.90000000000111,0.));
#3496=CARTESIAN_POINT('',(36.3999999999999,-9.30000000000111,0.));
#3497=CARTESIAN_POINT('Origin',(36.4,-6.90000000000111,0.));
#3498=CARTESIAN_POINT('',(36.3999999999999,-9.30000000000111,0.));
#3499=CARTESIAN_POINT('Origin',(2.20268248085631E-12,4.2632564145606E-13,
-6.));
#3500=CARTESIAN_POINT('',(47.9,-9.30000000000132,-6.));
#3501=CARTESIAN_POINT('',(17.000000000001,-9.30000000000075,-6.));
#3502=CARTESIAN_POINT('',(49.5,-7.70000000000132,-6.));
#3503=CARTESIAN_POINT('Origin',(47.9,-7.70000000000132,-6.));
#3504=CARTESIAN_POINT('',(49.5,-5.82666285278286,-6.));
#3505=CARTESIAN_POINT('',(49.5,-4.65000000000062,-6.));
#3506=CARTESIAN_POINT('',(48.6515151515152,-4.4141385248355,-6.));
#3507=CARTESIAN_POINT('Origin',(47.9,-5.82666285278286,-6.));
#3508=CARTESIAN_POINT('',(48.6515151515152,4.41413852483555,-6.));
#3509=CARTESIAN_POINT('Origin',(51.,2.4419576678074E-14,-6.));
#3510=CARTESIAN_POINT('',(49.5,5.82666285278291,-6.));
#3511=CARTESIAN_POINT('Origin',(47.9,5.82666285278291,-6.));
#3512=CARTESIAN_POINT('',(49.5,7.70000000000043,-6.));
#3513=CARTESIAN_POINT('',(49.5,2.38484800354259,-6.));
#3514=CARTESIAN_POINT('',(47.9,9.30000000000043,-6.));
#3515=CARTESIAN_POINT('Origin',(47.9,7.70000000000043,-6.));
#3516=CARTESIAN_POINT('',(36.4,9.30000000000043,-6.));
#3517=CARTESIAN_POINT('',(33.0000000000011,9.30000000000043,-6.));
#3518=CARTESIAN_POINT('',(34.,6.90000000000043,-6.));
#3519=CARTESIAN_POINT('Origin',(36.4,6.90000000000043,-6.));
#3520=CARTESIAN_POINT('',(34.,4.65000000000043,-6.));
#3521=CARTESIAN_POINT('Origin',(34.,-9.30000000000106,0.));
#3522=CARTESIAN_POINT('',(63.6,-9.30000000000162,0.));
#3523=CARTESIAN_POINT('',(-46.0000000000002,-9.29999999999957,0.));
#3524=CARTESIAN_POINT('',(63.6,-9.30000000000162,-6.));
#3525=CARTESIAN_POINT('',(63.6,-9.30000000000162,0.));
#3526=CARTESIAN_POINT('',(54.1,-9.30000000000144,-6.));
#3527=CARTESIAN_POINT('',(17.000000000001,-9.30000000000075,-6.));
#3528=CARTESIAN_POINT('',(54.1,-9.30000000000144,-2.));
#3529=CARTESIAN_POINT('',(54.1,-9.30000000000144,-1.));
#3530=CARTESIAN_POINT('',(47.9,-9.30000000000133,-2.));
#3531=CARTESIAN_POINT('',(42.5,-9.30000000000122,-2.));
#3532=CARTESIAN_POINT('',(47.9,-9.30000000000133,-1.));
#3533=CARTESIAN_POINT('Origin',(-3.60000000000001,-6.90000000000036,0.));
#3534=CARTESIAN_POINT('',(-6.00000000000001,-6.90000000000036,-6.));
#3535=CARTESIAN_POINT('',(-3.60000000000005,-9.30000000000036,-6.));
#3536=CARTESIAN_POINT('Origin',(-3.60000000000001,-6.90000000000036,-6.));
#3537=CARTESIAN_POINT('',(-6.00000000000001,-6.90000000000036,0.));
#3538=CARTESIAN_POINT('',(-6.00000000000001,-6.90000000000036,0.));
#3539=CARTESIAN_POINT('',(-3.60000000000005,-9.30000000000036,0.));
#3540=CARTESIAN_POINT('Origin',(-3.60000000000001,-6.90000000000036,0.));
#3541=CARTESIAN_POINT('',(-3.60000000000005,-9.30000000000036,0.));
#3542=CARTESIAN_POINT('Origin',(-6.00000000000001,9.30000000000043,0.));
#3543=CARTESIAN_POINT('',(-6.00000000000001,6.90000000000043,-6.));
#3544=CARTESIAN_POINT('',(-6.00000000000001,4.65000000000043,-6.));
#3545=CARTESIAN_POINT('',(-6.00000000000001,6.90000000000043,0.));
#3546=CARTESIAN_POINT('',(-6.00000000000001,6.90000000000043,0.));
#3547=CARTESIAN_POINT('',(-6.00000000000001,13.3000000000004,0.));
#3548=CARTESIAN_POINT('Origin',(-43.6,-6.89999999999961,0.));
#3549=CARTESIAN_POINT('',(-46.,-6.89999999999961,-6.));
#3550=CARTESIAN_POINT('',(-43.6000000000001,-9.29999999999961,-6.));
#3551=CARTESIAN_POINT('Origin',(-43.6,-6.89999999999961,-6.));
#3552=CARTESIAN_POINT('',(-46.,-6.89999999999961,0.));
#3553=CARTESIAN_POINT('',(-46.,-6.89999999999961,0.));
#3554=CARTESIAN_POINT('',(-43.6000000000001,-9.29999999999961,0.));
#3555=CARTESIAN_POINT('Origin',(-43.6,-6.89999999999961,0.));
#3556=CARTESIAN_POINT('',(-43.6000000000001,-9.29999999999961,0.));
#3557=CARTESIAN_POINT('Origin',(-46.,9.30000000000043,0.));
#3558=CARTESIAN_POINT('',(-46.,6.90000000000043,-6.));
#3559=CARTESIAN_POINT('',(-46.,4.65000000000043,-6.));
#3560=CARTESIAN_POINT('',(-46.,6.90000000000043,0.));
#3561=CARTESIAN_POINT('',(-46.,6.90000000000043,0.));
#3562=CARTESIAN_POINT('',(-46.,13.3000000000004,0.));
#3563=CARTESIAN_POINT('Origin',(36.4,6.90000000000043,0.));
#3564=CARTESIAN_POINT('',(36.4,9.30000000000043,0.));
#3565=CARTESIAN_POINT('',(36.4,9.30000000000043,0.));
#3566=CARTESIAN_POINT('',(34.,6.90000000000043,0.));
#3567=CARTESIAN_POINT('Origin',(36.4,6.90000000000043,0.));
#3568=CARTESIAN_POINT('',(34.,6.90000000000043,0.));
#3569=CARTESIAN_POINT('Origin',(66.,9.30000000000043,0.));
#3570=CARTESIAN_POINT('',(47.9,9.30000000000043,-2.));
#3571=CARTESIAN_POINT('',(47.9,9.30000000000043,-1.));
#3572=CARTESIAN_POINT('',(54.1,9.30000000000043,-2.));
#3573=CARTESIAN_POINT('',(58.5,9.30000000000043,-2.));
#3574=CARTESIAN_POINT('',(54.1,9.30000000000043,-6.));
#3575=CARTESIAN_POINT('',(54.1,9.30000000000043,-1.));
#3576=CARTESIAN_POINT('',(63.6,9.30000000000043,-6.));
#3577=CARTESIAN_POINT('',(33.0000000000011,9.30000000000043,-6.));
#3578=CARTESIAN_POINT('',(63.6,9.30000000000043,0.));
#3579=CARTESIAN_POINT('',(63.6,9.30000000000043,0.));
#3580=CARTESIAN_POINT('',(-46.,9.30000000000043,0.));
#3581=CARTESIAN_POINT('Origin',(-3.60000000000001,6.90000000000043,0.));
#3582=CARTESIAN_POINT('',(-3.60000000000001,9.30000000000043,-6.));
#3583=CARTESIAN_POINT('Origin',(-3.60000000000001,6.90000000000043,-6.));
#3584=CARTESIAN_POINT('',(-3.6,9.30000000000043,0.));
#3585=CARTESIAN_POINT('',(-3.60000000000001,9.30000000000043,0.));
#3586=CARTESIAN_POINT('Origin',(-3.60000000000001,6.90000000000043,0.));
#3587=CARTESIAN_POINT('Origin',(26.,9.30000000000043,0.));
#3588=CARTESIAN_POINT('',(23.6,9.30000000000043,-6.));
#3589=CARTESIAN_POINT('',(13.0000000000011,9.30000000000043,-6.));
#3590=CARTESIAN_POINT('',(23.6,9.30000000000043,0.));
#3591=CARTESIAN_POINT('',(23.6,9.30000000000043,0.));
#3592=CARTESIAN_POINT('',(-46.,9.30000000000043,0.));
#3593=CARTESIAN_POINT('Origin',(-43.6,6.90000000000043,0.));
#3594=CARTESIAN_POINT('',(-43.6,9.30000000000043,-6.));
#3595=CARTESIAN_POINT('Origin',(-43.6,6.90000000000043,-6.));
#3596=CARTESIAN_POINT('',(-43.6,9.30000000000043,0.));
#3597=CARTESIAN_POINT('',(-43.6,9.30000000000043,0.));
#3598=CARTESIAN_POINT('Origin',(-43.6,6.90000000000043,0.));
#3599=CARTESIAN_POINT('Origin',(-14.,9.30000000000043,0.));
#3600=CARTESIAN_POINT('',(-16.4,9.30000000000043,-6.));
#3601=CARTESIAN_POINT('',(-6.9999999999989,9.30000000000043,-6.));
#3602=CARTESIAN_POINT('',(-16.4,9.30000000000043,0.));
#3603=CARTESIAN_POINT('',(-16.4,9.30000000000043,0.));
#3604=CARTESIAN_POINT('',(-46.,9.30000000000043,0.));
#3605=CARTESIAN_POINT('Origin',(-56.4,10.9000000000004,0.));
#3606=CARTESIAN_POINT('',(-54.,10.9000000000004,-6.));
#3607=CARTESIAN_POINT('Origin',(-56.4,10.9000000000004,-6.));
#3608=CARTESIAN_POINT('',(-54.,10.9000000000004,0.));
#3609=CARTESIAN_POINT('',(-54.,10.9000000000004,0.));
#3610=CARTESIAN_POINT('Origin',(-56.4,10.9000000000004,0.));
#3611=CARTESIAN_POINT('Origin',(-54.,-13.2999999999996,0.));
#3612=CARTESIAN_POINT('',(-54.,4.73286382649756,-6.));
#3613=CARTESIAN_POINT('',(-54.,-6.64999999999957,-6.));
#3614=CARTESIAN_POINT('',(-54.,4.73286382649756,-2.));
#3615=CARTESIAN_POINT('',(-54.,4.73286382649756,-9.));
#3616=CARTESIAN_POINT('',(-54.,-4.73286382646181,-2.));
#3617=CARTESIAN_POINT('',(-54.,-6.64999999999085,-2.));
#3618=CARTESIAN_POINT('',(-54.,-4.73286382646181,-6.));
#3619=CARTESIAN_POINT('',(-54.,-4.73286382646181,-9.));
#3620=CARTESIAN_POINT('',(-54.,-10.8999999999996,-6.));
#3621=CARTESIAN_POINT('',(-54.,-6.64999999999957,-6.));
#3622=CARTESIAN_POINT('',(-54.,-10.8999999999996,0.));
#3623=CARTESIAN_POINT('',(-54.,-10.8999999999996,0.));
#3624=CARTESIAN_POINT('',(-54.,13.3000000000004,0.));
#3625=CARTESIAN_POINT('Origin',(-16.4,6.90000000000043,0.));
#3626=CARTESIAN_POINT('',(-14.,6.90000000000043,-6.));
#3627=CARTESIAN_POINT('Origin',(-16.4,6.90000000000043,-6.));
#3628=CARTESIAN_POINT('',(-14.,6.90000000000043,0.));
#3629=CARTESIAN_POINT('',(-14.,6.90000000000043,0.));
#3630=CARTESIAN_POINT('Origin',(-16.4,6.90000000000043,0.));
#3631=CARTESIAN_POINT('Origin',(-14.,-9.30000000000017,0.));
#3632=CARTESIAN_POINT('',(-14.,-6.90000000000012,-6.));
#3633=CARTESIAN_POINT('',(-14.,-4.64999999999987,-6.));
#3634=CARTESIAN_POINT('',(-14.,-6.90000000000012,0.));
#3635=CARTESIAN_POINT('',(-14.,-6.90000000000012,0.));
#3636=CARTESIAN_POINT('',(-14.,13.3000000000004,0.));
#3637=CARTESIAN_POINT('Origin',(23.6,6.90000000000043,0.));
#3638=CARTESIAN_POINT('',(26.,6.90000000000043,-6.));
#3639=CARTESIAN_POINT('Origin',(23.6,6.90000000000043,-6.));
#3640=CARTESIAN_POINT('',(26.,6.90000000000043,0.));
#3641=CARTESIAN_POINT('',(26.,6.90000000000043,0.));
#3642=CARTESIAN_POINT('Origin',(23.6,6.90000000000043,0.));
#3643=CARTESIAN_POINT('Origin',(26.,-9.30000000000091,0.));
#3644=CARTESIAN_POINT('',(26.,-6.90000000000087,-6.));
#3645=CARTESIAN_POINT('',(26.,-4.65000000000024,-6.));
#3646=CARTESIAN_POINT('',(26.,-6.90000000000087,0.));
#3647=CARTESIAN_POINT('',(26.,-6.90000000000087,0.));
#3648=CARTESIAN_POINT('',(26.,13.3000000000004,0.));
#3649=CARTESIAN_POINT('Origin',(63.6,6.90000000000043,0.));
#3650=CARTESIAN_POINT('',(66.,6.90000000000043,-6.));
#3651=CARTESIAN_POINT('Origin',(63.6,6.90000000000043,-6.));
#3652=CARTESIAN_POINT('',(66.,6.90000000000043,0.));
#3653=CARTESIAN_POINT('',(66.,6.90000000000043,0.));
#3654=CARTESIAN_POINT('Origin',(63.6,6.90000000000043,0.));
#3655=CARTESIAN_POINT('Origin',(66.,-9.30000000000166,0.));
#3656=CARTESIAN_POINT('',(66.,-6.90000000000162,-6.));
#3657=CARTESIAN_POINT('',(66.,-4.65000000000062,-6.));
#3658=CARTESIAN_POINT('',(66.,-6.90000000000162,0.));
#3659=CARTESIAN_POINT('',(66.,-6.90000000000162,0.));
#3660=CARTESIAN_POINT('',(66.,13.3000000000004,0.));
#3661=CARTESIAN_POINT('Origin',(-56.4,-10.8999999999996,0.));
#3662=CARTESIAN_POINT('',(-56.4,-13.2999999999996,-6.));
#3663=CARTESIAN_POINT('Origin',(-56.4,-10.8999999999996,-6.));
#3664=CARTESIAN_POINT('',(-56.4,-13.2999999999996,0.));
#3665=CARTESIAN_POINT('',(-56.4,-13.2999999999996,0.));
#3666=CARTESIAN_POINT('Origin',(-56.4,-10.8999999999996,0.));
#3667=CARTESIAN_POINT('Origin',(2.20268248085631E-12,4.2632564145606E-13,
-6.));
#3668=CARTESIAN_POINT('',(-71.5999999006573,-5.8000000745051,-6.));
#3669=CARTESIAN_POINT('',(-78.2999999999978,-5.80000007450498,-6.));
#3670=CARTESIAN_POINT('Origin',(-74.000001102686,-9.0000001341097,-6.));
#3671=CARTESIAN_POINT('',(-73.9999999999977,-13.2999999999996,-6.));
#3672=CARTESIAN_POINT('',(-54.4848484848485,-3.58550289883037,-6.));
#3673=CARTESIAN_POINT('Origin',(-55.6,-4.73286382646181,-6.));
#3674=CARTESIAN_POINT('',(-54.4848484848485,3.58550289886612,-6.));
#3675=CARTESIAN_POINT('Origin',(-51.,1.78751000570208E-11,-6.));
#3676=CARTESIAN_POINT('Origin',(-55.6,4.73286382649756,-6.));
#3677=CARTESIAN_POINT('',(-70.0000010430813,9.00000013411045,-6.));
#3678=CARTESIAN_POINT('',(-70.0000010430813,9.00000013411045,-6.));
#3679=CARTESIAN_POINT('',(-71.5999999006573,5.80000007450582,-6.));
#3680=CARTESIAN_POINT('Origin',(-74.0000011026859,9.00000013411045,-6.));
#3681=CARTESIAN_POINT('',(-78.2999999999978,5.80000007450578,-6.));
#3682=CARTESIAN_POINT('Origin',(-16.4,-6.90000000000012,0.));
#3683=CARTESIAN_POINT('',(-16.4,-9.30000000000012,-6.));
#3684=CARTESIAN_POINT('Origin',(-16.4,-6.90000000000012,-6.));
#3685=CARTESIAN_POINT('',(-16.4,-9.30000000000012,0.));
#3686=CARTESIAN_POINT('',(-16.4,-9.30000000000012,0.));
#3687=CARTESIAN_POINT('Origin',(-16.4,-6.90000000000012,0.));
#3688=CARTESIAN_POINT('Origin',(2.20268248085631E-12,4.2632564145606E-13,
-6.));
#3689=CARTESIAN_POINT('',(-22.9999999999991,-9.3,-6.));
#3690=CARTESIAN_POINT('Origin',(23.6,-6.90000000000087,0.));
#3691=CARTESIAN_POINT('',(23.6,-9.30000000000087,-6.));
#3692=CARTESIAN_POINT('Origin',(23.6,-6.90000000000087,-6.));
#3693=CARTESIAN_POINT('',(23.6,-9.30000000000087,0.));
#3694=CARTESIAN_POINT('',(23.6,-9.30000000000087,0.));
#3695=CARTESIAN_POINT('Origin',(23.6,-6.90000000000087,0.));
#3696=CARTESIAN_POINT('Origin',(2.20268248085631E-12,4.2632564145606E-13,
-6.));
#3697=CARTESIAN_POINT('',(-2.99999999999899,-9.30000000000037,-6.));
#3698=CARTESIAN_POINT('Origin',(63.6,-6.90000000000162,0.));
#3699=CARTESIAN_POINT('Origin',(63.6,-6.90000000000162,-6.));
#3700=CARTESIAN_POINT('Origin',(63.6,-6.90000000000162,0.));
#3701=CARTESIAN_POINT('Origin',(-55.6,-4.73286382646181,-9.));
#3702=CARTESIAN_POINT('',(-54.4848484848485,-3.58550289883037,-2.));
#3703=CARTESIAN_POINT('Origin',(-55.6,-4.73286382646181,-2.));
#3704=CARTESIAN_POINT('',(-54.4848484848485,-3.58550289883038,-9.));
#3705=CARTESIAN_POINT('Origin',(-51.,1.78751000570208E-11,-9.));
#3706=CARTESIAN_POINT('',(-54.4848484848485,3.58550289886612,-2.));
#3707=CARTESIAN_POINT('Origin',(-51.,1.78751000570208E-11,-2.));
#3708=CARTESIAN_POINT('',(-54.4848484848485,3.58550289886613,-9.));
#3709=CARTESIAN_POINT('Origin',(-55.6,4.73286382649756,-9.));
#3710=CARTESIAN_POINT('Origin',(-55.6,4.73286382649756,-2.));
#3711=CARTESIAN_POINT('Origin',(47.9,5.82666285278291,-9.));
#3712=CARTESIAN_POINT('',(48.6515151515152,4.41413852483555,-2.));
#3713=CARTESIAN_POINT('',(48.6515151515152,4.41413852483555,-9.));
#3714=CARTESIAN_POINT('',(49.5,5.82666285278291,-2.));
#3715=CARTESIAN_POINT('Origin',(47.9,5.82666285278291,-2.));
#3716=CARTESIAN_POINT('',(49.5,5.82666285278291,-9.));
#3717=CARTESIAN_POINT('Origin',(51.,2.4419576678074E-14,-9.));
#3718=CARTESIAN_POINT('',(48.6515151515152,-4.4141385248355,-2.));
#3719=CARTESIAN_POINT('',(48.6515151515152,-4.4141385248355,-9.));
#3720=CARTESIAN_POINT('Origin',(51.,2.4419576678074E-14,-2.));
#3721=CARTESIAN_POINT('Origin',(47.9,-7.70000000000132,-1.));
#3722=CARTESIAN_POINT('',(49.5,-7.70000000000132,-2.));
#3723=CARTESIAN_POINT('Origin',(47.9,-7.70000000000132,-2.));
#3724=CARTESIAN_POINT('',(49.5,-7.70000000000132,-1.));
#3725=CARTESIAN_POINT('Origin',(49.5,-9.30000000000166,-2.));
#3726=CARTESIAN_POINT('',(49.5,-5.82666285278286,-2.));
#3727=CARTESIAN_POINT('',(49.5,-9.30000000000166,-2.));
#3728=CARTESIAN_POINT('',(49.5,-5.82666285278286,-9.));
#3729=CARTESIAN_POINT('Origin',(54.1,5.82666285278291,-9.));
#3730=CARTESIAN_POINT('',(52.5,5.82666285278291,-6.));
#3731=CARTESIAN_POINT('',(53.3484848484849,4.41413852483555,-6.));
#3732=CARTESIAN_POINT('Origin',(54.1,5.82666285278291,-6.));
#3733=CARTESIAN_POINT('',(52.5,5.82666285278291,-2.));
#3734=CARTESIAN_POINT('',(52.5,5.82666285278291,-9.));
#3735=CARTESIAN_POINT('',(53.3484848484849,4.41413852483555,-2.));
#3736=CARTESIAN_POINT('Origin',(54.1,5.82666285278291,-2.));
#3737=CARTESIAN_POINT('',(53.3484848484849,4.41413852483555,-9.));
#3738=CARTESIAN_POINT('Origin',(2.20268248085631E-12,4.2632564145606E-13,
-6.));
#3739=CARTESIAN_POINT('',(52.5,7.70000000000043,-6.));
#3740=CARTESIAN_POINT('Origin',(54.1,7.70000000000043,-6.));
#3741=CARTESIAN_POINT('',(52.5,4.65000000000108,-6.));
#3742=CARTESIAN_POINT('',(53.3484848484849,-4.4141385248355,-6.));
#3743=CARTESIAN_POINT('Origin',(51.,2.4419576678074E-14,-6.));
#3744=CARTESIAN_POINT('',(52.5,-5.82666285278286,-6.));
#3745=CARTESIAN_POINT('Origin',(54.1,-5.82666285278287,-6.));
#3746=CARTESIAN_POINT('',(52.5,-7.70000000000144,-6.));
#3747=CARTESIAN_POINT('',(52.5,-2.38484800354215,-6.));
#3748=CARTESIAN_POINT('Origin',(54.1,-7.70000000000144,-6.));
#3749=CARTESIAN_POINT('Origin',(51.,2.4419576678074E-14,-9.));
#3750=CARTESIAN_POINT('',(53.3484848484849,-4.4141385248355,-2.));
#3751=CARTESIAN_POINT('Origin',(51.,2.4419576678074E-14,-2.));
#3752=CARTESIAN_POINT('',(53.3484848484849,-4.4141385248355,-9.));
#3753=CARTESIAN_POINT('Origin',(54.1,-7.70000000000144,-1.));
#3754=CARTESIAN_POINT('',(52.5,-7.70000000000144,-2.));
#3755=CARTESIAN_POINT('',(52.5,-7.70000000000144,-1.));
#3756=CARTESIAN_POINT('Origin',(54.1,-7.70000000000144,-2.));
#3757=CARTESIAN_POINT('Origin',(52.5,-4.7696960070847,-2.));
#3758=CARTESIAN_POINT('',(52.5,-5.82666285278286,-2.));
#3759=CARTESIAN_POINT('',(52.5,-5.82666285278286,-9.));
#3760=CARTESIAN_POINT('',(52.5,9.30000000000176,-2.));
#3761=CARTESIAN_POINT('Origin',(54.1,-5.82666285278287,-9.));
#3762=CARTESIAN_POINT('Origin',(54.1,-5.82666285278287,-2.));
#3763=CARTESIAN_POINT('Origin',(54.1,7.70000000000043,-1.));
#3764=CARTESIAN_POINT('',(52.5,7.70000000000043,-2.));
#3765=CARTESIAN_POINT('Origin',(54.1,7.70000000000043,-2.));
#3766=CARTESIAN_POINT('',(52.5,7.70000000000043,-1.));
#3767=CARTESIAN_POINT('Origin',(52.5,9.30000000000176,-2.));
#3768=CARTESIAN_POINT('',(52.5,9.30000000000176,-2.));
#3769=CARTESIAN_POINT('Origin',(47.9,-5.82666285278286,-9.));
#3770=CARTESIAN_POINT('Origin',(47.9,-5.82666285278286,-2.));
#3771=CARTESIAN_POINT('Origin',(47.9,7.70000000000043,-1.));
#3772=CARTESIAN_POINT('',(49.5,7.70000000000043,-2.));
#3773=CARTESIAN_POINT('',(49.5,7.70000000000043,-1.));
#3774=CARTESIAN_POINT('Origin',(47.9,7.70000000000043,-2.));
#3775=CARTESIAN_POINT('Origin',(49.5,4.76969600708475,-2.));
#3776=CARTESIAN_POINT('',(49.5,-9.30000000000166,-2.));
#3777=CARTESIAN_POINT('Origin',(0.,1.15463194561016E-13,-8.2));
#3778=CARTESIAN_POINT('',(-30.5,-14.7999999999996,-8.2));
#3779=CARTESIAN_POINT('',(-29.5,-14.7999999999996,-8.2));
#3780=CARTESIAN_POINT('',(-18.4999999999989,-14.7999999999996,-8.2));
#3781=CARTESIAN_POINT('',(-30.5,14.8000000000004,-8.2));
#3782=CARTESIAN_POINT('',(-30.5,-14.9979165219705,-8.2));
#3783=CARTESIAN_POINT('',(-29.5,14.8000000000004,-8.2));
#3784=CARTESIAN_POINT('',(18.5000000000011,14.8000000000004,-8.2));
#3785=CARTESIAN_POINT('',(-29.5,14.9979165219708,-8.2));
#3786=CARTESIAN_POINT('Origin',(0.,1.15463194561016E-13,-8.2));
#3787=CARTESIAN_POINT('',(29.5,-14.7999999999996,-8.2));
#3788=CARTESIAN_POINT('',(30.5,-14.7999999999996,-8.2));
#3789=CARTESIAN_POINT('',(-18.4999999999989,-14.7999999999996,-8.2));
#3790=CARTESIAN_POINT('',(29.5,14.8000000000004,-8.2));
#3791=CARTESIAN_POINT('',(29.5,-14.9979165219705,-8.2));
#3792=CARTESIAN_POINT('',(30.5,14.8000000000004,-8.2));
#3793=CARTESIAN_POINT('',(18.5000000000011,14.8000000000004,-8.2));
#3794=CARTESIAN_POINT('',(30.5,14.9979165219708,-8.2));
#3795=CARTESIAN_POINT('Origin',(37.0000000000022,14.5000000000004,-8.5));
#3796=CARTESIAN_POINT('',(-29.5,14.0000000000004,-9.));
#3797=CARTESIAN_POINT('',(-29.5,3.25104173901502,-19.7489582609854));
#3798=CARTESIAN_POINT('',(-30.5,14.0000000000004,-9.));
#3799=CARTESIAN_POINT('',(-30.5,18.2489582609857,-4.75104173901476));
#3800=CARTESIAN_POINT('',(-59.5,14.0000000000004,-9.));
#3801=CARTESIAN_POINT('',(37.0000000000022,14.0000000000004,-9.));
#3802=CARTESIAN_POINT('',(-59.5,14.4000000000004,-8.6));
#3803=CARTESIAN_POINT('',(-59.5,3.25104173901502,-19.7489582609854));
#3804=CARTESIAN_POINT('',(-60.5,14.4000000000004,-8.6));
#3805=CARTESIAN_POINT('',(18.5000000000011,14.4000000000004,-8.6));
#3806=CARTESIAN_POINT('',(-60.5,14.0000000000004,-9.));
#3807=CARTESIAN_POINT('',(-60.5,18.2489582609857,-4.75104173901476));
#3808=CARTESIAN_POINT('',(-73.9999999999978,14.0000000000004,-9.));
#3809=CARTESIAN_POINT('',(37.0000000000022,14.0000000000004,-9.));
#3810=CARTESIAN_POINT('',(-73.9999999999978,15.0000000000004,-8.));
#3811=CARTESIAN_POINT('',(-73.9999999999978,15.0000000000004,-8.));
#3812=CARTESIAN_POINT('',(74.0000000000022,15.0000000000004,-8.));
#3813=CARTESIAN_POINT('',(37.0000000000022,15.0000000000004,-8.));
#3814=CARTESIAN_POINT('',(74.0000000000022,14.0000000000004,-9.));
#3815=CARTESIAN_POINT('',(74.0000000000022,15.0000000000004,-8.));
#3816=CARTESIAN_POINT('',(60.5,14.0000000000004,-9.));
#3817=CARTESIAN_POINT('',(37.0000000000022,14.0000000000004,-9.));
#3818=CARTESIAN_POINT('',(60.5,14.4000000000004,-8.6));
#3819=CARTESIAN_POINT('',(60.5,3.25104173901502,-19.7489582609854));
#3820=CARTESIAN_POINT('',(59.5,14.4000000000004,-8.6));
#3821=CARTESIAN_POINT('',(18.5000000000011,14.4000000000004,-8.6));
#3822=CARTESIAN_POINT('',(59.5,14.0000000000004,-9.));
#3823=CARTESIAN_POINT('',(59.5,18.2489582609857,-4.75104173901476));
#3824=CARTESIAN_POINT('',(30.5,14.0000000000004,-9.));
#3825=CARTESIAN_POINT('',(37.0000000000022,14.0000000000004,-9.));
#3826=CARTESIAN_POINT('',(30.5,3.25104173901502,-19.7489582609854));
#3827=CARTESIAN_POINT('',(29.5,14.0000000000004,-9.));
#3828=CARTESIAN_POINT('',(29.5,18.2489582609857,-4.75104173901476));
#3829=CARTESIAN_POINT('',(0.500000000000002,14.0000000000004,-9.));
#3830=CARTESIAN_POINT('',(37.0000000000022,14.0000000000004,-9.));
#3831=CARTESIAN_POINT('',(0.500000000000002,14.4000000000004,-8.6));
#3832=CARTESIAN_POINT('',(0.500000000000003,3.25104173901502,-19.7489582609854));
#3833=CARTESIAN_POINT('',(-0.500000000000004,14.4000000000004,-8.6));
#3834=CARTESIAN_POINT('',(18.5000000000011,14.4000000000004,-8.6));
#3835=CARTESIAN_POINT('',(-0.500000000000004,14.0000000000004,-9.));
#3836=CARTESIAN_POINT('',(-0.500000000000007,18.2489582609857,-4.75104173901476));
#3837=CARTESIAN_POINT('',(37.0000000000022,14.0000000000004,-9.));
#3838=CARTESIAN_POINT('Origin',(0.,1.15463194561016E-13,-8.6));
#3839=CARTESIAN_POINT('',(60.5,-14.3999999999996,-8.6));
#3840=CARTESIAN_POINT('',(60.5,14.9979165219708,-8.6));
#3841=CARTESIAN_POINT('',(59.5,-14.3999999999996,-8.6));
#3842=CARTESIAN_POINT('',(-18.4999999999989,-14.3999999999996,-8.6));
#3843=CARTESIAN_POINT('',(59.5,-14.9979165219705,-8.6));
#3844=CARTESIAN_POINT('Origin',(59.5,29.9958330439414,-9.));
#3845=CARTESIAN_POINT('',(59.5,-13.9999999999996,-9.));
#3846=CARTESIAN_POINT('',(59.5,-3.25104173901431,-19.7489582609853));
#3847=CARTESIAN_POINT('',(59.5,14.9979165219709,-9.));
#3848=CARTESIAN_POINT('Origin',(60.5,-29.9958330439412,-9.));
#3849=CARTESIAN_POINT('',(60.5,-13.9999999999996,-9.));
#3850=CARTESIAN_POINT('',(60.5,-14.9979165219704,-9.));
#3851=CARTESIAN_POINT('',(60.5,-18.248958260985,-4.7510417390146));
#3852=CARTESIAN_POINT('Origin',(-30.5,29.9958330439414,-9.));
#3853=CARTESIAN_POINT('',(-30.5,-13.9999999999996,-9.));
#3854=CARTESIAN_POINT('',(-30.5,-3.25104173901432,-19.7489582609852));
#3855=CARTESIAN_POINT('',(-30.5,14.9979165219709,-9.));
#3856=CARTESIAN_POINT('Origin',(-29.5,-29.9958330439412,-9.));
#3857=CARTESIAN_POINT('',(-29.5,-13.9999999999996,-9.));
#3858=CARTESIAN_POINT('',(-29.5,-14.9979165219704,-9.));
#3859=CARTESIAN_POINT('',(-29.5,-18.248958260985,-4.7510417390146));
#3860=CARTESIAN_POINT('Origin',(-4.44089209850063E-15,1.15463194561016E-13,
-8.6));
#3861=CARTESIAN_POINT('',(0.500000000000002,-14.3999999999996,-8.6));
#3862=CARTESIAN_POINT('',(0.500000000000002,14.9979165219708,-8.6));
#3863=CARTESIAN_POINT('',(-0.5,-14.3999999999996,-8.6));
#3864=CARTESIAN_POINT('',(-18.4999999999989,-14.3999999999996,-8.6));
#3865=CARTESIAN_POINT('',(-0.5,-14.9979165219705,-8.6));
#3866=CARTESIAN_POINT('Origin',(-0.500000000000006,29.9958330439414,-9.));
#3867=CARTESIAN_POINT('',(-0.5,-13.9999999999996,-9.));
#3868=CARTESIAN_POINT('',(-0.500000000000003,-3.25104173901432,-19.7489582609852));
#3869=CARTESIAN_POINT('',(-0.500000000000004,14.9979165219709,-9.));
#3870=CARTESIAN_POINT('Origin',(0.500000000000002,-29.9958330439412,-9.));
#3871=CARTESIAN_POINT('',(0.500000000000002,-13.9999999999996,-9.));
#3872=CARTESIAN_POINT('',(0.500000000000002,-14.9979165219704,-9.));
#3873=CARTESIAN_POINT('',(0.500000000000003,-18.248958260985,-4.7510417390146));
#3874=CARTESIAN_POINT('Origin',(0.,1.15463194561016E-13,-8.6));
#3875=CARTESIAN_POINT('',(-59.5,-14.3999999999996,-8.6));
#3876=CARTESIAN_POINT('',(-59.5,14.9979165219708,-8.6));
#3877=CARTESIAN_POINT('',(-60.5,-14.3999999999996,-8.6));
#3878=CARTESIAN_POINT('',(-18.4999999999989,-14.3999999999996,-8.6));
#3879=CARTESIAN_POINT('',(-60.5,-14.9979165219705,-8.6));
#3880=CARTESIAN_POINT('Origin',(-60.5,29.9958330439414,-9.));
#3881=CARTESIAN_POINT('',(-60.5,-13.9999999999996,-9.));
#3882=CARTESIAN_POINT('',(-60.5,-3.25104173901432,-19.7489582609852));
#3883=CARTESIAN_POINT('',(-60.5,14.9979165219709,-9.));
#3884=CARTESIAN_POINT('Origin',(-59.5,-29.9958330439412,-9.));
#3885=CARTESIAN_POINT('',(-59.5,-13.9999999999996,-9.));
#3886=CARTESIAN_POINT('',(-59.5,-14.9979165219704,-9.));
#3887=CARTESIAN_POINT('',(-59.5,-18.248958260985,-4.7510417390146));
#3888=CARTESIAN_POINT('Origin',(29.5,29.9958330439414,-9.));
#3889=CARTESIAN_POINT('',(29.5,-13.9999999999996,-9.));
#3890=CARTESIAN_POINT('',(29.5,-3.25104173901432,-19.7489582609852));
#3891=CARTESIAN_POINT('',(29.5,14.9979165219709,-9.));
#3892=CARTESIAN_POINT('Origin',(30.5,-29.9958330439412,-9.));
#3893=CARTESIAN_POINT('',(30.5,-13.9999999999996,-9.));
#3894=CARTESIAN_POINT('',(30.5,-14.9979165219704,-9.));
#3895=CARTESIAN_POINT('',(30.5,-18.248958260985,-4.7510417390146));
#3896=CARTESIAN_POINT('Origin',(2.20268248085631E-12,4.2632564145606E-13,
-9.));
#3897=CARTESIAN_POINT('',(-73.9999999999977,-13.9999999999996,-9.));
#3898=CARTESIAN_POINT('',(-36.9999999999977,-13.9999999999996,-9.));
#3899=CARTESIAN_POINT('',(-78.9999999999977,-8.99999999999961,-9.));
#3900=CARTESIAN_POINT('Origin',(-73.9999999999977,-8.99999999999959,-9.));
#3901=CARTESIAN_POINT('',(-78.9999999999978,9.00000000000039,-9.));
#3902=CARTESIAN_POINT('',(-78.9999999999978,4.50000000000016,-9.));
#3903=CARTESIAN_POINT('Origin',(-73.9999999999978,9.00000000000043,-9.));
#3904=CARTESIAN_POINT('Origin',(2.20268248085631E-12,4.2632564145606E-13,
-9.));
#3905=CARTESIAN_POINT('',(-36.9999999999977,-13.9999999999996,-9.));
#3906=CARTESIAN_POINT('',(48.65,2.47073686758737E-14,-9.));
#3907=CARTESIAN_POINT('Origin',(51.,2.4419576678074E-14,-9.));
#3908=CARTESIAN_POINT('Origin',(2.20268248085631E-12,4.2632564145606E-13,
-9.));
#3909=CARTESIAN_POINT('',(-36.9999999999977,-13.9999999999996,-9.));
#3910=CARTESIAN_POINT('',(-53.35,1.61375327283495E-11,-9.));
#3911=CARTESIAN_POINT('Origin',(-51.,1.61372449363517E-11,-9.));
#3912=CARTESIAN_POINT('Origin',(2.20268248085631E-12,4.2632564145606E-13,
-9.));
#3913=CARTESIAN_POINT('',(-36.9999999999977,-13.9999999999996,-9.));
#3914=CARTESIAN_POINT('Origin',(2.20268248085631E-12,4.2632564145606E-13,
-9.));
#3915=CARTESIAN_POINT('',(-36.9999999999977,-13.9999999999996,-9.));
#3916=CARTESIAN_POINT('Origin',(2.20268248085631E-12,4.2632564145606E-13,
-9.));
#3917=CARTESIAN_POINT('',(79.0000000000022,9.00000000000043,-9.));
#3918=CARTESIAN_POINT('Origin',(74.0000000000022,9.00000000000043,-9.));
#3919=CARTESIAN_POINT('',(79.0000000000022,-8.99999999999957,-9.));
#3920=CARTESIAN_POINT('',(79.0000000000022,-4.49999999999957,-9.));
#3921=CARTESIAN_POINT('',(74.0000000000022,-13.9999999999996,-9.));
#3922=CARTESIAN_POINT('Origin',(74.0000000000022,-8.99999999999958,-9.));
#3923=CARTESIAN_POINT('',(-36.9999999999977,-13.9999999999996,-9.));
#3924=CARTESIAN_POINT('Origin',(-51.,1.61372449363517E-11,-9.));
#3925=CARTESIAN_POINT('',(-53.35,1.61375327283495E-11,-3.));
#3926=CARTESIAN_POINT('',(-53.35,1.61369571443539E-11,-9.));
#3927=CARTESIAN_POINT('Origin',(-51.,1.61372449363517E-11,-3.));
#3928=CARTESIAN_POINT('Origin',(-51.,1.61373692186828E-11,-3.));
#3929=CARTESIAN_POINT('Origin',(51.,2.4419576678074E-14,-9.));
#3930=CARTESIAN_POINT('',(48.65,2.47073686758737E-14,-3.));
#3931=CARTESIAN_POINT('',(48.65,2.41317846802744E-14,-9.));
#3932=CARTESIAN_POINT('Origin',(51.,2.4419576678074E-14,-3.));
#3933=CARTESIAN_POINT('Origin',(51.,2.44249065417534E-14,-3.));
#3934=CARTESIAN_POINT('Origin',(-51.,1.7874590696465E-11,-2.));
#3935=CARTESIAN_POINT('Origin',(51.,2.44249065417534E-14,-2.));
#3936=CARTESIAN_POINT('Origin',(-73.9999999999978,9.00000000000043,-8.5));
#3937=CARTESIAN_POINT('',(-79.9999999999978,9.00000000000039,-8.));
#3938=CARTESIAN_POINT('',(-78.9999999999978,9.00000000000039,-9.));
#3939=CARTESIAN_POINT('Origin',(-73.9999999999978,9.00000000000043,-8.));
#3940=CARTESIAN_POINT('Origin',(74.0000000000022,9.00000000000043,-8.5));
#3941=CARTESIAN_POINT('',(80.0000000000022,9.00000000000043,-8.));
#3942=CARTESIAN_POINT('',(80.0000000000022,9.00000000000043,-8.));
#3943=CARTESIAN_POINT('Origin',(74.0000000000022,9.00000000000043,-8.));
#3944=CARTESIAN_POINT('Origin',(79.5000000000022,-4.49999999999957,-8.5));
#3945=CARTESIAN_POINT('',(80.0000000000022,-8.99999999999957,-8.));
#3946=CARTESIAN_POINT('',(80.0000000000022,-8.99999999999957,-8.));
#3947=CARTESIAN_POINT('',(80.0000000000022,-4.49999999999957,-8.));
#3948=CARTESIAN_POINT('Origin',(74.0000000000022,-8.99999999999958,-8.5));
#3949=CARTESIAN_POINT('',(74.0000000000022,-14.9999999999996,-8.));
#3950=CARTESIAN_POINT('',(74.0000000000022,-14.9999999999996,-8.));
#3951=CARTESIAN_POINT('Origin',(74.0000000000022,-8.99999999999958,-8.));
#3952=CARTESIAN_POINT('Origin',(-36.9999999999977,-14.4999999999996,-8.5));
#3953=CARTESIAN_POINT('',(-73.9999999999977,-14.9999999999996,-8.));
#3954=CARTESIAN_POINT('',(-36.9999999999977,-14.9999999999996,-8.));
#3955=CARTESIAN_POINT('',(-73.9999999999977,-14.9999999999996,-8.));
#3956=CARTESIAN_POINT('Origin',(-73.9999999999977,-8.99999999999959,-8.5));
#3957=CARTESIAN_POINT('',(-79.9999999999977,-8.99999999999961,-8.));
#3958=CARTESIAN_POINT('',(-79.9999999999977,-8.99999999999961,-8.));
#3959=CARTESIAN_POINT('Origin',(-73.9999999999977,-8.99999999999959,-8.));
#3960=CARTESIAN_POINT('Origin',(-79.4999999999978,4.50000000000015,-8.5));
#3961=CARTESIAN_POINT('',(-79.9999999999978,4.50000000000015,-8.));
#3962=CARTESIAN_POINT('Origin',(80.0000000000022,-8.99999999999957,0.));
#3963=CARTESIAN_POINT('',(80.0000000000022,9.00000000000043,1.6));
#3964=CARTESIAN_POINT('',(80.0000000000022,9.00000000000043,0.));
#3965=CARTESIAN_POINT('',(80.0000000000022,-8.99999999999957,1.6));
#3966=CARTESIAN_POINT('',(80.0000000000022,-8.99999999999957,1.6));
#3967=CARTESIAN_POINT('',(80.0000000000022,-8.99999999999957,0.));
#3968=CARTESIAN_POINT('Origin',(74.0000000000022,9.00000000000043,0.));
#3969=CARTESIAN_POINT('',(74.0000000000022,15.0000000000004,1.6));
#3970=CARTESIAN_POINT('',(74.0000000000022,15.0000000000004,0.));
#3971=CARTESIAN_POINT('Origin',(74.0000000000022,9.00000000000043,1.6));
#3972=CARTESIAN_POINT('Origin',(74.0000000000022,15.0000000000004,0.));
#3973=CARTESIAN_POINT('',(-73.9999999999978,15.0000000000004,1.6));
#3974=CARTESIAN_POINT('',(-73.9999999999978,15.0000000000004,0.));
#3975=CARTESIAN_POINT('',(74.0000000000022,15.0000000000004,1.6));
#3976=CARTESIAN_POINT('Origin',(-73.9999999999978,9.00000000000043,0.));
#3977=CARTESIAN_POINT('',(-79.9999999999978,9.00000000000039,1.6));
#3978=CARTESIAN_POINT('',(-79.9999999999978,9.00000000000039,0.));
#3979=CARTESIAN_POINT('Origin',(-73.9999999999978,9.00000000000043,1.6));
#3980=CARTESIAN_POINT('Origin',(-79.9999999999977,2.7750000000009,-1.8));
#3981=CARTESIAN_POINT('',(-79.9999999999977,2.7750000000009,-3.35));
#3982=CARTESIAN_POINT('Origin',(-79.9999999999978,2.7750000000009,-1.8));
#3983=CARTESIAN_POINT('',(-79.9999999999977,2.7750000000009,-3.35));
#3984=CARTESIAN_POINT('Origin',(-79.9999999999977,-2.7749999999991,-3.35));
#3985=CARTESIAN_POINT('',(-79.9999999999977,3.11250000000065,-3.35));
#3986=CARTESIAN_POINT('Origin',(34.,9.30000000000043,0.));
#3987=CARTESIAN_POINT('',(34.,13.3000000000004,0.));
#3988=CARTESIAN_POINT('Origin',(-46.0000000000002,-9.29999999999957,0.));
#3989=CARTESIAN_POINT('',(-46.0000000000002,-9.29999999999957,0.));
#3990=CARTESIAN_POINT('Origin',(-6.00000000000001,-9.30000000000032,0.));
#3991=CARTESIAN_POINT('',(-46.0000000000002,-9.29999999999957,0.));
#3992=CARTESIAN_POINT('Origin',(74.0000000000022,-13.2999999999996,0.));
#3993=CARTESIAN_POINT('',(-73.9999999999977,-13.2999999999996,0.));
#3994=CARTESIAN_POINT('',(-73.9999999999977,-13.2999999999996,0.));
#3995=CARTESIAN_POINT('',(-73.9999999999977,-13.2999999999996,1.6));
#3996=CARTESIAN_POINT('',(-73.9999999999977,-13.2999999999996,0.));
#3997=CARTESIAN_POINT('',(74.0000000000022,-13.2999999999996,1.6));
#3998=CARTESIAN_POINT('',(-73.9999999999977,-13.2999999999996,1.6));
#3999=CARTESIAN_POINT('',(74.0000000000022,-13.2999999999996,0.));
#4000=CARTESIAN_POINT('',(74.0000000000022,-13.2999999999996,0.));
#4001=CARTESIAN_POINT('',(43.0750000000016,-13.2999999999996,0.));
#4002=CARTESIAN_POINT('Origin',(2.20268248085631E-12,4.2632564145606E-13,
-6.));
#4003=CARTESIAN_POINT('',(-75.6999999999979,-8.99999999999967,-6.));
#4004=CARTESIAN_POINT('Origin',(-73.9999999999979,-8.99999999999967,-6.));
#4005=CARTESIAN_POINT('Origin',(2.20268248085631E-12,4.2632564145606E-13,
-6.));
#4006=CARTESIAN_POINT('',(72.3000000000009,-8.99999999997457,-6.));
#4007=CARTESIAN_POINT('Origin',(74.0000000000009,-8.99999999997457,-6.));
#4008=CARTESIAN_POINT('Origin',(2.20268248085631E-12,4.2632564145606E-13,
-6.));
#4009=CARTESIAN_POINT('',(-75.6999999999978,9.00000000000042,-6.));
#4010=CARTESIAN_POINT('Origin',(-73.9999999999978,9.00000000000043,-6.));
#4011=CARTESIAN_POINT('Origin',(2.20268248085631E-12,4.2632564145606E-13,
-6.));
#4012=CARTESIAN_POINT('',(72.2999999999947,9.00000000002553,-6.));
#4013=CARTESIAN_POINT('Origin',(73.9999999999947,9.00000000002553,-6.));
#4014=CARTESIAN_POINT('Origin',(2.20268248085631E-12,4.2632564145606E-13,
0.));
#4015=CARTESIAN_POINT('',(-71.5999999006573,-5.8000000745051,0.));
#4016=CARTESIAN_POINT('',(-37.9499999999978,-5.80000007450572,0.));
#4017=CARTESIAN_POINT('Origin',(-73.9999999999977,-8.99999999999959,0.));
#4018=CARTESIAN_POINT('Origin',(-74.000001102686,-9.0000001341097,0.));
#4019=CARTESIAN_POINT('',(-75.6999999999979,-8.99999999999967,0.));
#4020=CARTESIAN_POINT('Origin',(-73.9999999999979,-8.99999999999967,0.));
#4021=CARTESIAN_POINT('Origin',(2.20268248085631E-12,4.2632564145606E-13,
0.));
#4022=CARTESIAN_POINT('',(78.3000000000022,9.00000000000043,0.));
#4023=CARTESIAN_POINT('',(78.3000000000022,-8.99999999999958,0.));
#4024=CARTESIAN_POINT('',(78.3000000000022,-8.99999999999958,0.));
#4025=CARTESIAN_POINT('Origin',(74.0000000000022,9.00000000000043,0.));
#4026=CARTESIAN_POINT('Origin',(74.0000000000022,-8.99999999999958,0.));
#4027=CARTESIAN_POINT('',(72.2999999999947,9.00000000002553,0.));
#4028=CARTESIAN_POINT('Origin',(73.9999999999947,9.00000000002553,0.));
#4029=CARTESIAN_POINT('',(72.3000000000009,-8.99999999997457,0.));
#4030=CARTESIAN_POINT('Origin',(74.0000000000009,-8.99999999997457,0.));
#4031=CARTESIAN_POINT('Origin',(73.9999999999947,9.00000000002553,0.));
#4032=CARTESIAN_POINT('',(72.2999999999947,9.00000000002553,0.));
#4033=CARTESIAN_POINT('Origin',(-73.9999999999978,9.00000000000043,0.));
#4034=CARTESIAN_POINT('',(-75.6999999999978,9.00000000000043,0.));
#4035=CARTESIAN_POINT('Origin',(74.0000000000009,-8.99999999997457,0.));
#4036=CARTESIAN_POINT('',(72.3000000000009,-8.99999999997457,0.));
#4037=CARTESIAN_POINT('Origin',(-73.9999999999979,-8.99999999999967,0.));
#4038=CARTESIAN_POINT('',(-75.6999999999979,-8.99999999999967,0.));
#4039=CARTESIAN_POINT('Origin',(-71.5999999006573,5.80000007450582,0.));
#4040=CARTESIAN_POINT('',(-71.5999999006573,5.80000007450582,0.));
#4041=CARTESIAN_POINT('Origin',(-74.0000011026859,9.00000013411045,0.));
#4042=CARTESIAN_POINT('',(-70.0000010430813,9.00000013411045,0.));
#4043=CARTESIAN_POINT('Origin',(-70.0000010430813,13.3000000000004,0.));
#4044=CARTESIAN_POINT('Origin',(-74.000001102686,-9.0000001341097,0.));
#4045=CARTESIAN_POINT('',(-71.5999999006573,-5.8000000745051,0.));
#4046=CARTESIAN_POINT('Origin',(-78.2999999999978,-5.80000007450498,0.));
#4047=CARTESIAN_POINT('Origin',(-73.9999999999977,-8.99999999999959,0.));
#4048=CARTESIAN_POINT('Origin',(-73.9999999999977,-8.99999999999959,1.6));
#4049=CARTESIAN_POINT('Origin',(74.0000000000022,-8.99999999999958,0.));
#4050=CARTESIAN_POINT('',(78.3000000000022,-8.99999999999958,1.6));
#4051=CARTESIAN_POINT('Origin',(74.0000000000022,-8.99999999999958,1.6));
#4052=CARTESIAN_POINT('',(78.3000000000022,-8.99999999999958,0.));
#4053=CARTESIAN_POINT('Origin',(78.3000000000022,9.00000000000043,0.));
#4054=CARTESIAN_POINT('',(78.3000000000022,9.00000000000043,1.6));
#4055=CARTESIAN_POINT('',(78.3000000000022,-8.99999999999958,1.6));
#4056=CARTESIAN_POINT('',(78.3000000000022,9.00000000000043,0.));
#4057=CARTESIAN_POINT('Origin',(74.0000000000022,9.00000000000043,0.));
#4058=CARTESIAN_POINT('Origin',(74.0000000000022,9.00000000000043,1.6));
#4059=CARTESIAN_POINT('Origin',(-73.9999999999978,9.00000000000043,0.));
#4060=CARTESIAN_POINT('Origin',(-73.9999999999978,9.00000000000043,1.6));
#4061=CARTESIAN_POINT('Origin',(74.0000000000022,-8.99999999999958,0.));
#4062=CARTESIAN_POINT('',(74.0000000000022,-14.9999999999996,1.6));
#4063=CARTESIAN_POINT('Origin',(74.0000000000022,-8.99999999999958,1.6));
#4064=CARTESIAN_POINT('',(74.0000000000022,-14.9999999999996,0.));
#4065=CARTESIAN_POINT('Origin',(-73.9999999999977,-14.9999999999996,0.));
#4066=CARTESIAN_POINT('',(-73.9999999999977,-14.9999999999996,1.6));
#4067=CARTESIAN_POINT('',(-73.9999999999977,-14.9999999999996,1.6));
#4068=CARTESIAN_POINT('',(-73.9999999999977,-14.9999999999996,0.));
#4069=CARTESIAN_POINT('Origin',(-73.9999999999977,-8.99999999999959,0.));
#4070=CARTESIAN_POINT('',(-79.9999999999977,-8.99999999999961,1.6));
#4071=CARTESIAN_POINT('Origin',(-73.9999999999977,-8.99999999999959,1.6));
#4072=CARTESIAN_POINT('',(-79.9999999999977,-8.99999999999961,0.));
#4073=CARTESIAN_POINT('Origin',(-79.9999999999978,9.00000000000039,0.));
#4074=CARTESIAN_POINT('',(-79.9999999999978,9.00000000000039,1.6));
#4075=CARTESIAN_POINT('Origin',(2.20268248085631E-12,4.2632564145606E-13,
1.6));
#4076=UNCERTAINTY_MEASURE_WITH_UNIT(LENGTH_MEASURE(0.01),#4080,
'DISTANCE_ACCURACY_VALUE',
'Maximum model space distance between geometric entities at asserted c
onnectivities');
#4077=UNCERTAINTY_MEASURE_WITH_UNIT(LENGTH_MEASURE(0.01),#4080,
'DISTANCE_ACCURACY_VALUE',
'Maximum model space distance between geometric entities at asserted c
onnectivities');
#4078=(
GEOMETRIC_REPRESENTATION_CONTEXT(3)
GLOBAL_UNCERTAINTY_ASSIGNED_CONTEXT((#4076))
GLOBAL_UNIT_ASSIGNED_CONTEXT((#4080,#4082,#4083))
REPRESENTATION_CONTEXT('','3D')
);
#4079=(
GEOMETRIC_REPRESENTATION_CONTEXT(3)
GLOBAL_UNCERTAINTY_ASSIGNED_CONTEXT((#4077))
GLOBAL_UNIT_ASSIGNED_CONTEXT((#4080,#4082,#4083))
REPRESENTATION_CONTEXT('','3D')
);
#4080=(
LENGTH_UNIT()
NAMED_UNIT(*)
SI_UNIT(.MILLI.,.METRE.)
);
#4081=(
LENGTH_UNIT()
NAMED_UNIT(*)
SI_UNIT($,.METRE.)
);
#4082=(
NAMED_UNIT(*)
PLANE_ANGLE_UNIT()
SI_UNIT($,.RADIAN.)
);
#4083=(
NAMED_UNIT(*)
SI_UNIT($,.STERADIAN.)
SOLID_ANGLE_UNIT()
);
#4084=SHAPE_DEFINITION_REPRESENTATION(#4085,#4086);
#4085=PRODUCT_DEFINITION_SHAPE('',$,#4088);
#4086=SHAPE_REPRESENTATION('',(#2428),#4078);
#4087=PRODUCT_DEFINITION_CONTEXT('part definition',#4092,'design');
#4088=PRODUCT_DEFINITION('2026-08-30-18-36-18-890','Base',#4089,#4087);
#4089=PRODUCT_DEFINITION_FORMATION('',$,#4094);
#4090=PRODUCT_RELATED_PRODUCT_CATEGORY('Base','Base',(#4094));
#4091=APPLICATION_PROTOCOL_DEFINITION('international standard',
'automotive_design',2009,#4092);
#4092=APPLICATION_CONTEXT(
'Core Data for Automotive Mechanical Design Process');
#4093=PRODUCT_CONTEXT('part definition',#4092,'mechanical');
#4094=PRODUCT('2026-08-30-18-36-18-890','Base',$,(#4093));
#4095=PRESENTATION_STYLE_ASSIGNMENT((#4096));
#4096=SURFACE_STYLE_USAGE(.BOTH.,#4097);
#4097=SURFACE_SIDE_STYLE('',(#4098));
#4098=SURFACE_STYLE_FILL_AREA(#4099);
#4099=FILL_AREA_STYLE('Steel - Satin',(#4100));
#4100=FILL_AREA_STYLE_COLOUR('Steel - Satin',#4101);
#4101=COLOUR_RGB('Steel - Satin',0.627450980392157,0.627450980392157,0.627450980392157);
ENDSEC;
END-ISO-10303-21;
